antenna_id,site_name,borough,local_area,postcode,latitude,longitude,report_date,install_date,last_inspection_date,next_maintenance_due,operational_status,power_state,technology_mix,antenna_type,height_m,azimuth_deg,owner,backhaul_type,signal_health_score
ANT-LDN-0001,VMO2-CAMDEN-01,Camden,Camden,NW1 3XD,51.540306,-0.148557,2026-03-18,2024-08-03,2025-10-21,2025-11-20,Active,Mains,5G,Panel,14.2,119,VMO2,Fibre,100
ANT-LDN-0002,VMO2-VICTORIA-01,Westminster,Victoria,SW1 1YZ,51.492747,-0.133825,2026-03-18,2018-10-16,2025-11-21,2026-01-20,Active,Backup,4G|5G,Panel,29.6,52,VMO2,Hybrid Fibre/Microwave,86
ANT-LDN-0003,VMO2-ANGEL-01,Islington,Angel,N1 8RD,51.539763,-0.09575,2026-03-18,2021-03-31,2026-02-17,2026-06-17,Active,Mains,4G|5G,Small Cell,13.5,185,VMO2,Fibre,90
ANT-LDN-0004,VMO2-DALSTON-01,Hackney,Dalston,E8 4DM,51.549642,-0.04511,2026-03-18,2020-02-13,2025-11-13,2026-05-12,Active,Mains,3G|4G|5G,Panel,20.2,343,VMO2,Fibre,92
ANT-LDN-0005,VMO2-GREENWICH-01,Greenwich,Greenwich,SE10 8MI,51.48318,0.002341,2026-03-18,2024-03-06,2025-10-18,2025-12-02,Active,Mains,4G,Microwave Dish,32.8,117,VMO2,Ethernet,85
ANT-LDN-0006,VMO2-HAMMERSMITH-01,Hammersmith and Fulham,Hammersmith,W6 6GU,51.487787,-0.214699,2026-03-18,2022-08-07,2025-11-28,2026-05-27,Active,Mains,5G,Panel,17.7,287,VMO2,Hybrid Fibre/Microwave,92
ANT-LDN-0007,VMO2-LEWISHAM-01,Lewisham,Lewisham,SE13 3QP,51.442854,-0.010456,2026-03-18,2018-01-08,2026-02-25,2026-03-27,Planned Maintenance,Backup,4G|5G,Panel,27.7,305,VMO2,Hybrid Fibre/Microwave,14
ANT-LDN-0008,VMO2-KENSINGTON-01,Kensington and Chelsea,Kensington,W8 1VX,51.502495,-0.183507,2026-03-18,2018-04-15,2025-09-16,2026-01-14,Active,Backup,3G|4G|5G,Small Cell,8.9,150,VMO2,Microwave,97
ANT-LDN-0009,VMO2-CROYDON-01,Croydon,Croydon,CR0 9DU,51.380122,-0.094799,2026-03-18,2020-05-07,2025-09-27,2026-01-25,Active,Mains,5G,Panel,29.5,276,VMO2,Fibre,100
ANT-LDN-0010,VMO2-HOUNSLOW-01,Hounslow,Hounslow,TW3 5HB,51.459531,-0.352789,2026-03-18,2019-09-14,2025-10-15,2025-11-14,Active,Backup,4G|5G,Massive MIMO,19.7,272,VMO2,Microwave,88
ANT-LDN-0011,VMO2-EALING-01,Ealing,Ealing,W5 7GR,51.509606,-0.296979,2026-03-18,2025-06-21,2026-01-17,2026-07-16,Active,Mains,4G|5G,Omni,26.9,224,VMO2,Hybrid Fibre/Microwave,100
ANT-LDN-0012,VMO2-BARNET-01,Barnet,Barnet,EN5 9HS,51.645188,-0.209658,2026-03-18,2019-06-22,2026-03-08,2026-04-07,Active,Mains,4G,Panel,13.6,16,VMO2,Fibre,94
ANT-LDN-0013,VMO2-WALTHAMSTOW-01,Waltham Forest,Walthamstow,E17 3XS,51.593673,-0.025601,2026-03-18,2023-06-19,2025-11-08,2025-12-23,Active,Mains,3G|4G|5G,Microwave Dish,19.4,49,VMO2,Ethernet,97
ANT-LDN-0014,VMO2-STRATFORD-01,Newham,Stratford,E15 2BM,51.547485,-0.006262,2026-03-18,2025-03-02,2025-12-13,2026-01-12,Active,Backup,4G|5G,Panel,22.3,216,VMO2,Ethernet,89
ANT-LDN-0015,VMO2-BROMLEY-01,Bromley,Bromley,BR1 9DB,51.405033,0.022788,2026-03-18,2024-04-25,2025-10-22,2025-11-21,Active,Mains,2G|4G|5G,Omni,31.5,85,VMO2,Hybrid Fibre/Microwave,97
ANT-LDN-0016,VMO2-ENFIELD-01,Enfield,Enfield,EN1 1MI,51.658942,-0.088243,2026-03-18,2025-10-17,2025-11-13,2026-01-12,Active,Backup,4G|5G,Omni,34.9,284,VMO2,Microwave,99
ANT-LDN-0017,VMO2-FINCHLEY-01,Barnet,Finchley,N3 9BX,51.608268,-0.189337,2026-03-18,2020-07-08,2026-02-23,2026-03-25,Active,Mains,5G,Massive MIMO,38.5,80,VMO2,Fibre,85
ANT-LDN-0018,VMO2-TOOTING-01,Wandsworth,Tooting,SW17 4MD,51.430116,-0.164421,2026-03-18,2023-05-23,2026-01-05,2026-05-05,Degraded,Mains,5G,Massive MIMO,28.1,298,VMO2,Ethernet,78
ANT-LDN-0019,VMO2-CLAPHAM-01,Lambeth,Clapham,SW4 5ME,51.464185,-0.142602,2026-03-18,2024-07-14,2025-09-25,2025-11-24,Planned Maintenance,Maintenance Isolate,5G,Omni,33.5,4,VMO2,Fibre,69
ANT-LDN-0020,VMO2-WIMBLEDON-01,Merton,Wimbledon,SW19 6CH,51.4215,-0.214018,2026-03-18,2021-02-22,2025-12-27,2026-02-10,Active,Mains,4G|5G,Massive MIMO,25.3,334,VMO2,Fibre,100
ANT-LDN-0021,VMO2-RICHMOND-01,Richmond upon Thames,Richmond,TW9 3ID,51.46864,-0.312025,2026-03-18,2018-03-15,2025-10-19,2025-12-03,Active,Mains,4G|5G,Massive MIMO,35.2,104,VMO2,Hybrid Fibre/Microwave,92
ANT-LDN-0022,VMO2-PUTNEY-01,Wandsworth,Putney,SW15 5BA,51.456769,-0.217605,2026-03-18,2020-09-28,2026-02-04,2026-08-03,Active,Mains,2G|4G|5G,Panel,22.2,218,VMO2,Fibre,84
ANT-LDN-0023,VMO2-ILFORD-01,Redbridge,Ilford,IG1 9EN,51.559775,0.081126,2026-03-18,2018-06-07,2026-02-27,2026-04-28,Active,Mains,4G|5G,Omni,34.4,20,VMO2,Microwave,95
ANT-LDN-0024,VMO2-DAGENHAM-01,Barking and Dagenham,Dagenham,RM10 7TX,51.543813,0.166858,2026-03-18,2018-09-26,2026-01-08,2026-02-22,Active,Mains,2G|4G|5G,Microwave Dish,35.3,12,VMO2,Ethernet,89
ANT-LDN-0025,VMO2-ROMFORD-01,Havering,Romford,RM1 4IF,51.580138,0.191345,2026-03-18,2025-10-31,2026-02-10,2026-05-11,Degraded,Backup,3G|4G|5G,Microwave Dish,20.1,235,VMO2,Ethernet,71
ANT-LDN-0026,VMO2-HARROW-01,Harrow,Harrow,HA1 7KI,51.57329,-0.333639,2026-03-18,2017-10-12,2025-12-28,2026-02-26,Degraded,Mains,4G,Panel,34.6,274,VMO2,Fibre,70
ANT-LDN-0027,VMO2-UXBRIDGE-01,Hillingdon,Uxbridge,UB8 5BD,51.540836,-0.469887,2026-03-18,2023-09-10,2025-11-18,2026-01-17,Active,Mains,3G|4G|5G,Panel,25.9,261,VMO2,Hybrid Fibre/Microwave,87
ANT-LDN-0028,VMO2-TWICKENHAM-01,Richmond upon Thames,Twickenham,TW1 1QZ,51.44533,-0.322316,2026-03-18,2023-01-15,2025-09-15,2026-03-14,Planned Maintenance,Maintenance Isolate,2G|4G|5G,Small Cell,7.7,220,VMO2,Ethernet,2
ANT-LDN-0029,VMO2-KINGSTON-01,Kingston upon Thames,Kingston,KT1 5VN,51.416036,-0.304893,2026-03-18,2020-08-29,2025-11-26,2026-05-25,Active,Mains,4G|5G,Panel,21.7,194,VMO2,Ethernet,89
ANT-LDN-0030,VMO2-SURBITON-01,Kingston upon Thames,Surbiton,KT6 6OO,51.389166,-0.309786,2026-03-18,2021-12-17,2025-09-18,2025-11-02,Active,Mains,5G,Small Cell,14.2,86,VMO2,Ethernet,86
ANT-LDN-0031,VMO2-HAMPSTEAD-01,Camden,Hampstead,NW3 4VJ,51.549788,-0.168508,2026-03-18,2019-07-10,2026-01-18,2026-03-04,Active,Mains,4G|5G,Panel,22.9,37,VMO2,Hybrid Fibre/Microwave,98
ANT-LDN-0032,VMO2-HIGHGATE-01,Haringey,Highgate,N6 7HE,51.574712,-0.150636,2026-03-18,2024-05-11,2026-03-08,2026-04-07,Planned Maintenance,Maintenance Isolate,3G|4G|5G,Panel,30.5,356,VMO2,Hybrid Fibre/Microwave,73
ANT-LDN-0033,VMO2-FINSBURY-PARK-01,Hackney,Finsbury Park,N4 3ZO,51.572597,-0.114151,2026-03-18,2024-06-27,2025-10-25,2026-02-22,Active,Mains,5G,Omni,32.5,313,VMO2,Hybrid Fibre/Microwave,100
ANT-LDN-0034,VMO2-TOTTENHAM-01,Haringey,Tottenham,N17 8OI,51.603753,-0.060383,2026-03-18,2025-06-07,2026-01-05,2026-07-04,Degraded,Backup,4G|5G,Small Cell,10.1,122,VMO2,Hybrid Fibre/Microwave,68
ANT-LDN-0035,VMO2-WOOD-GREEN-01,Haringey,Wood Green,N22 9CE,51.594186,-0.112647,2026-03-18,2018-09-10,2026-01-09,2026-04-09,Active,Mains,4G,Small Cell,6.5,208,VMO2,Hybrid Fibre/Microwave,94
ANT-LDN-0036,VMO2-BALHAM-01,Wandsworth,Balham,SW12 1YS,51.449059,-0.155021,2026-03-18,2021-04-08,2025-11-07,2025-12-07,Active,Mains,2G|4G|5G,Panel,21.0,214,VMO2,Hybrid Fibre/Microwave,91
ANT-LDN-0037,VMO2-BRIXTON-01,Lambeth,Brixton,SW2 7XF,51.461056,-0.117934,2026-03-18,2022-03-30,2026-02-05,2026-06-05,Active,Backup,5G,Omni,25.6,339,VMO2,Fibre,84
ANT-LDN-0038,VMO2-PECKHAM-01,Southwark,Peckham,SE15 5MK,51.480836,-0.076284,2026-03-18,2019-05-17,2025-11-13,2026-01-12,Active,Mains,4G|5G,Microwave Dish,21.4,215,VMO2,Fibre,92
ANT-LDN-0039,VMO2-BERMONDSEY-01,Southwark,Bermondsey,SE1 2YU,51.506398,-0.066851,2026-03-18,2017-06-14,2026-03-02,2026-04-16,Active,Mains,4G|5G,Panel,15.5,64,VMO2,Fibre,99
ANT-LDN-0040,VMO2-DEPTFORD-01,Lewisham,Deptford,SE8 6FT,51.478406,-0.030719,2026-03-18,2023-10-24,2026-02-08,2026-03-25,Active,Mains,2G|4G|5G,Panel,12.6,159,VMO2,Hybrid Fibre/Microwave,96
ANT-LDN-0041,VMO2-BLACKHEATH-01,Greenwich,Blackheath,SE3 4DW,51.460892,0.011003,2026-03-18,2025-08-31,2025-12-22,2026-06-20,Planned Maintenance,Maintenance Isolate,5G,Panel,34.6,21,VMO2,Hybrid Fibre/Microwave,62
ANT-LDN-0042,VMO2-ELTHAM-01,Greenwich,Eltham,SE9 7PD,51.452101,0.047266,2026-03-18,2021-11-11,2025-12-07,2026-06-05,Active,Mains,3G|4G|5G,Massive MIMO,21.7,90,VMO2,Ethernet,100
ANT-LDN-0043,VMO2-SIDCUP-01,Bexley,Sidcup,DA15 5KH,51.433903,0.11044,2026-03-18,2017-12-21,2025-12-28,2026-03-28,Active,Backup,4G|5G,Massive MIMO,32.6,194,VMO2,Fibre,94
ANT-LDN-0044,VMO2-ORPINGTON-01,Bromley,Orpington,BR6 5KI,51.367691,0.092155,2026-03-18,2023-09-08,2025-12-29,2026-04-28,Active,Mains,4G|5G,Omni,14.0,208,VMO2,Microwave,99
ANT-LDN-0045,VMO2-BEXLEYHEATH-01,Bexley,Bexleyheath,DA6 5HM,51.455819,0.138162,2026-03-18,2024-10-04,2026-01-06,2026-03-07,Active,Backup,4G,Panel,24.7,176,VMO2,Ethernet,97
ANT-LDN-0046,VMO2-HILLINGDON-01,Hillingdon,Hillingdon,UB10 2XG,51.545006,-0.462921,2026-03-18,2020-07-16,2026-02-07,2026-08-06,Active,Backup,5G,Small Cell,7.6,110,VMO2,Ethernet,99
ANT-LDN-0047,VMO2-RUISLIP-01,Hillingdon,Ruislip,HA4 5HL,51.582569,-0.416415,2026-03-18,2019-01-05,2025-12-22,2026-01-21,Active,Mains,4G,Panel,13.0,27,VMO2,Microwave,93
ANT-LDN-0048,VMO2-ACTON-01,Ealing,Acton,W3 5PP,51.500744,-0.273442,2026-03-18,2021-12-10,2025-12-12,2026-01-26,Active,Backup,2G|4G|5G,Panel,31.8,58,VMO2,Hybrid Fibre/Microwave,86
ANT-LDN-0049,VMO2-CHISWICK-01,Hounslow,Chiswick,W4 5CH,51.486879,-0.261166,2026-03-18,2018-05-01,2025-10-18,2026-01-16,Active,Mains,5G,Small Cell,7.9,267,VMO2,Hybrid Fibre/Microwave,96
ANT-LDN-0050,VMO2-FULHAM-01,Hammersmith and Fulham,Fulham,SW6 5ST,51.487023,-0.184309,2026-03-18,2017-09-04,2025-10-04,2026-04-02,Planned Maintenance,Backup,4G|5G,Small Cell,11.3,135,VMO2,Microwave,45
ANT-LDN-0051,VMO2-CAMDEN-02,Camden,Camden,NW1 8JB,51.530361,-0.145121,2026-03-18,2019-08-07,2025-12-26,2026-06-24,Active,Mains,4G|5G,Microwave Dish,16.6,119,VMO2,Microwave,92
ANT-LDN-0052,VMO2-VICTORIA-02,Westminster,Victoria,SW1 3CB,51.50001,-0.127123,2026-03-18,2018-11-11,2025-12-21,2026-04-20,Active,Mains,3G|4G|5G,Massive MIMO,24.9,63,VMO2,Ethernet,8
ANT-LDN-0053,VMO2-ANGEL-02,Islington,Angel,N1 2TB,51.538008,-0.10233,2026-03-18,2021-11-05,2025-12-17,2026-04-16,Active,Mains,4G|5G,Panel,34.1,294,VMO2,Ethernet,84
ANT-LDN-0054,VMO2-DALSTON-02,Hackney,Dalston,E8 5FS,51.544499,-0.052118,2026-03-18,2021-11-21,2025-09-28,2025-12-27,Active,Mains,2G|4G|5G,Massive MIMO,27.8,164,VMO2,Microwave,87
ANT-LDN-0055,VMO2-GREENWICH-02,Greenwich,Greenwich,SE10 9BO,51.479,0.017049,2026-03-18,2017-12-27,2025-12-19,2026-02-17,Active,Backup,4G|5G,Omni,21.3,263,VMO2,Hybrid Fibre/Microwave,84
ANT-LDN-0056,VMO2-HAMMERSMITH-02,Hammersmith and Fulham,Hammersmith,W6 8UO,51.493013,-0.221425,2026-03-18,2025-07-10,2026-02-24,2026-04-10,Active,Mains,4G|5G,Panel,18.6,357,VMO2,Fibre,99
ANT-LDN-0057,VMO2-LEWISHAM-02,Lewisham,Lewisham,SE13 1RN,51.448766,-0.024874,2026-03-18,2018-01-17,2026-01-11,2026-02-10,Active,Mains,5G,Panel,31.1,255,VMO2,Ethernet,93
ANT-LDN-0058,VMO2-KENSINGTON-02,Kensington and Chelsea,Kensington,W8 9EM,51.510164,-0.198782,2026-03-18,2019-02-20,2025-10-07,2026-02-04,Active,Backup,3G|4G|5G,Panel,13.6,212,VMO2,Ethernet,24
ANT-LDN-0059,VMO2-CROYDON-02,Croydon,Croydon,CR0 8EO,51.375943,-0.093213,2026-03-18,2023-01-16,2025-11-06,2026-01-05,Degraded,Backup,4G|5G,Small Cell,9.2,164,VMO2,Microwave,16
ANT-LDN-0060,VMO2-HOUNSLOW-02,Hounslow,Hounslow,TW3 6XP,51.473752,-0.363674,2026-03-18,2024-11-28,2025-12-02,2026-03-02,Active,Mains,2G|4G|5G,Small Cell,11.5,77,VMO2,Fibre,99
ANT-LDN-0061,VMO2-EALING-02,Ealing,Ealing,W5 8DQ,51.519885,-0.296942,2026-03-18,2022-02-15,2026-03-06,2026-09-02,Active,Mains,4G|5G,Microwave Dish,37.3,38,VMO2,Ethernet,99
ANT-LDN-0062,VMO2-BARNET-02,Barnet,Barnet,EN5 9MK,51.655147,-0.192213,2026-03-18,2024-01-12,2025-11-05,2026-03-05,Active,Backup,4G|5G,Panel,26.5,147,VMO2,Fibre,91
ANT-LDN-0063,VMO2-WALTHAMSTOW-02,Waltham Forest,Walthamstow,E17 2OF,51.595226,-0.015318,2026-03-18,2024-10-13,2025-12-23,2026-01-22,Active,Mains,4G|5G,Small Cell,8.5,191,VMO2,Microwave,97
ANT-LDN-0064,VMO2-STRATFORD-02,Newham,Stratford,E15 3FC,51.542421,0.009243,2026-03-18,2023-11-02,2025-12-02,2026-04-01,Active,Backup,4G,Massive MIMO,32.0,118,VMO2,Ethernet,98
ANT-LDN-0065,VMO2-BROMLEY-02,Bromley,Bromley,BR1 5VR,51.412781,0.01447,2026-03-18,2018-10-10,2026-02-19,2026-05-20,Active,Mains,2G|4G|5G,Omni,18.9,217,VMO2,Hybrid Fibre/Microwave,92
ANT-LDN-0066,VMO2-ENFIELD-02,Enfield,Enfield,EN1 2HM,51.660589,-0.07378,2026-03-18,2023-06-01,2025-12-08,2026-04-07,Degraded,Mains,4G|5G,Small Cell,6.2,337,VMO2,Ethernet,72
ANT-LDN-0067,VMO2-FINCHLEY-02,Barnet,Finchley,N3 5YZ,51.60728,-0.185851,2026-03-18,2019-08-01,2025-10-05,2025-12-04,Active,Mains,4G|5G,Panel,17.8,337,VMO2,Fibre,88
ANT-LDN-0068,VMO2-TOOTING-02,Wandsworth,Tooting,SW17 6XE,51.425252,-0.169343,2026-03-18,2018-01-05,2025-12-24,2026-02-22,Planned Maintenance,Maintenance Isolate,3G|4G|5G,Panel,15.0,276,VMO2,Ethernet,63
ANT-LDN-0069,VMO2-CLAPHAM-02,Lambeth,Clapham,SW4 5XK,51.468339,-0.129372,2026-03-18,2018-04-17,2025-11-10,2025-12-10,Degraded,Backup,4G|5G,Omni,31.8,345,VMO2,Ethernet,72
ANT-LDN-0070,VMO2-WIMBLEDON-02,Merton,Wimbledon,SW19 8LV,51.413137,-0.205532,2026-03-18,2025-05-26,2025-09-18,2025-11-17,Active,Backup,5G,Microwave Dish,36.6,55,VMO2,Hybrid Fibre/Microwave,91
ANT-LDN-0071,VMO2-RICHMOND-02,Richmond upon Thames,Richmond,TW9 2UO,51.468359,-0.309551,2026-03-18,2024-11-11,2025-12-22,2026-06-20,Active,Mains,4G|5G,Panel,33.8,155,VMO2,Fibre,99
ANT-LDN-0072,VMO2-PUTNEY-02,Wandsworth,Putney,SW15 9NS,51.461807,-0.218709,2026-03-18,2025-04-29,2026-01-29,2026-04-29,Active,Mains,4G,Microwave Dish,29.2,143,VMO2,Ethernet,85
ANT-LDN-0073,VMO2-ILFORD-02,Redbridge,Ilford,IG1 2VL,51.566659,0.081564,2026-03-18,2023-02-09,2025-09-25,2025-11-24,Active,Backup,4G|5G,Panel,34.3,232,VMO2,Microwave,86
ANT-LDN-0074,VMO2-DAGENHAM-02,Barking and Dagenham,Dagenham,RM10 3ZS,51.53866,0.162104,2026-03-18,2019-04-21,2026-02-20,2026-06-20,Active,Mains,4G|5G,Panel,32.0,168,VMO2,Fibre,88
ANT-LDN-0075,VMO2-ROMFORD-02,Havering,Romford,RM1 3DV,51.583288,0.184545,2026-03-18,2017-04-16,2026-02-04,2026-03-06,Active,Mains,4G|5G,Small Cell,11.0,8,VMO2,Ethernet,81
ANT-LDN-0076,VMO2-HARROW-02,Harrow,Harrow,HA1 8OY,51.578443,-0.331841,2026-03-18,2021-01-22,2025-10-29,2026-02-26,Active,Backup,4G|5G,Massive MIMO,40.7,22,VMO2,Ethernet,100
ANT-LDN-0077,VMO2-UXBRIDGE-02,Hillingdon,Uxbridge,UB8 7NV,51.538834,-0.480041,2026-03-18,2018-03-19,2025-11-04,2026-05-03,Active,Mains,2G|4G|5G,Panel,13.9,311,VMO2,Fibre,18
ANT-LDN-0078,VMO2-TWICKENHAM-02,Richmond upon Thames,Twickenham,TW1 5OQ,51.447475,-0.324655,2026-03-18,2023-10-16,2025-11-19,2025-12-19,Active,Mains,3G|4G|5G,Panel,27.1,282,VMO2,Hybrid Fibre/Microwave,90
ANT-LDN-0079,VMO2-KINGSTON-02,Kingston upon Thames,Kingston,KT1 7NX,51.410835,-0.293824,2026-03-18,2018-01-25,2025-12-19,2026-03-19,Active,Mains,4G|5G,Panel,33.9,351,VMO2,Fibre,99
ANT-LDN-0080,VMO2-SURBITON-02,Kingston upon Thames,Surbiton,KT6 6ZE,51.385585,-0.312172,2026-03-18,2023-03-29,2026-02-22,2026-06-22,Active,Mains,2G|4G|5G,Massive MIMO,34.1,210,VMO2,Hybrid Fibre/Microwave,95
ANT-LDN-0081,VMO2-HAMPSTEAD-02,Camden,Hampstead,NW3 6DS,51.564663,-0.175891,2026-03-18,2022-09-10,2026-01-14,2026-02-28,Degraded,Mains,4G,Panel,14.5,284,VMO2,Fibre,71
ANT-LDN-0082,VMO2-HIGHGATE-02,Haringey,Highgate,N6 9AT,51.576223,-0.140952,2026-03-18,2024-05-18,2025-12-31,2026-01-30,Degraded,Mains,4G|5G,Small Cell,8.6,173,VMO2,Fibre,71
ANT-LDN-0083,VMO2-FINSBURY-PARK-02,Hackney,Finsbury Park,N4 3XU,51.566627,-0.108284,2026-03-18,2017-05-06,2026-02-14,2026-08-13,Active,Mains,5G,Panel,22.4,80,VMO2,Ethernet,95
ANT-LDN-0084,VMO2-TOTTENHAM-02,Haringey,Tottenham,N17 1VC,51.603517,-0.072733,2026-03-18,2020-01-20,2025-11-16,2026-05-15,Active,Mains,4G|5G,Massive MIMO,27.9,110,VMO2,Fibre,100
ANT-LDN-0085,VMO2-WOOD-GREEN-02,Haringey,Wood Green,N22 8QV,51.595015,-0.105452,2026-03-18,2020-06-17,2026-02-26,2026-04-12,Active,Mains,4G|5G,Massive MIMO,18.2,154,VMO2,Microwave,90
ANT-LDN-0086,VMO2-BALHAM-02,Wandsworth,Balham,SW12 7FE,51.440478,-0.163038,2026-03-18,2021-04-07,2025-10-24,2026-04-22,Degraded,Backup,4G|5G,Massive MIMO,34.0,181,VMO2,Hybrid Fibre/Microwave,62
ANT-LDN-0087,VMO2-BRIXTON-02,Lambeth,Brixton,SW2 2KS,51.460216,-0.116445,2026-03-18,2021-10-25,2025-10-14,2026-01-12,Degraded,Mains,4G,Panel,14.6,10,VMO2,Microwave,70
ANT-LDN-0088,VMO2-PECKHAM-02,Southwark,Peckham,SE15 2ND,51.480244,-0.060785,2026-03-18,2019-09-24,2025-11-18,2026-03-18,Degraded,Backup,4G|5G,Panel,32.0,173,VMO2,Ethernet,27
ANT-LDN-0089,VMO2-BERMONDSEY-02,Southwark,Bermondsey,SE1 9GY,51.498078,-0.071805,2026-03-18,2020-12-02,2025-12-10,2026-06-08,Degraded,Mains,2G|4G|5G,Small Cell,7.3,52,VMO2,Ethernet,64
ANT-LDN-0090,VMO2-DEPTFORD-02,Lewisham,Deptford,SE8 3YU,51.483424,-0.022334,2026-03-18,2022-07-17,2025-11-11,2026-03-11,Active,Mains,3G|4G|5G,Massive MIMO,40.2,289,VMO2,Ethernet,94
ANT-LDN-0091,VMO2-BLACKHEATH-02,Greenwich,Blackheath,SE3 5SB,51.467572,0.009759,2026-03-18,2020-12-12,2025-10-31,2025-11-30,Active,Mains,4G|5G,Massive MIMO,19.4,146,VMO2,Fibre,86
ANT-LDN-0092,VMO2-ELTHAM-02,Greenwich,Eltham,SE9 1OZ,51.451366,0.051741,2026-03-18,2023-05-31,2025-09-24,2025-11-08,Active,Backup,4G|5G,Massive MIMO,21.6,31,VMO2,Fibre,98
ANT-LDN-0093,VMO2-SIDCUP-02,Bexley,Sidcup,DA15 3BH,51.442701,0.094871,2026-03-18,2024-12-08,2025-11-17,2026-02-15,Degraded,Backup,5G,Massive MIMO,26.7,144,VMO2,Hybrid Fibre/Microwave,72
ANT-LDN-0094,VMO2-ORPINGTON-02,Bromley,Orpington,BR6 2KD,51.378017,0.101293,2026-03-18,2023-04-05,2025-09-17,2025-12-16,Degraded,Mains,4G|5G,Small Cell,11.6,308,VMO2,Ethernet,64
ANT-LDN-0095,VMO2-BEXLEYHEATH-02,Bexley,Bexleyheath,DA6 7ET,51.463785,0.144315,2026-03-18,2024-12-13,2026-02-16,2026-04-17,Active,Mains,5G,Small Cell,8.8,65,VMO2,Fibre,100
ANT-LDN-0096,VMO2-HILLINGDON-02,Hillingdon,Hillingdon,UB10 5FG,51.549044,-0.467817,2026-03-18,2020-10-31,2025-11-05,2025-12-20,Active,Backup,4G|5G,Panel,13.8,51,VMO2,Fibre,100
ANT-LDN-0097,VMO2-RUISLIP-02,Hillingdon,Ruislip,HA4 3WY,51.576053,-0.430661,2026-03-18,2024-01-03,2026-01-26,2026-07-25,Active,Mains,4G|5G,Panel,27.6,121,VMO2,Ethernet,98
ANT-LDN-0098,VMO2-ACTON-02,Ealing,Acton,W3 8GL,51.502978,-0.268677,2026-03-18,2024-08-10,2025-10-14,2026-01-12,Active,Backup,5G,Panel,20.8,270,VMO2,Microwave,97
ANT-LDN-0099,VMO2-CHISWICK-02,Hounslow,Chiswick,W4 8LR,51.499141,-0.277104,2026-03-18,2018-02-25,2025-10-28,2025-11-27,Degraded,Mains,4G|5G,Small Cell,8.3,262,VMO2,Hybrid Fibre/Microwave,64
ANT-LDN-0100,VMO2-FULHAM-02,Hammersmith and Fulham,Fulham,SW6 1NB,51.486284,-0.186523,2026-03-18,2021-06-12,2025-11-01,2025-12-31,Active,Mains,4G|5G,Omni,20.6,14,VMO2,Fibre,94
ANT-LDN-0101,VMO2-CAMDEN-03,Camden,Camden,NW1 5PW,51.541153,-0.15081,2026-03-18,2018-07-23,2025-11-09,2026-02-07,Degraded,Backup,5G,Omni,12.4,110,VMO2,Hybrid Fibre/Microwave,14
ANT-LDN-0102,VMO2-VICTORIA-03,Westminster,Victoria,SW1 4NU,51.49304,-0.143641,2026-03-18,2023-12-27,2025-11-12,2025-12-12,Active,Mains,4G|5G,Omni,25.7,8,VMO2,Microwave,100
ANT-LDN-0103,VMO2-ANGEL-03,Islington,Angel,N1 4SN,51.536797,-0.099789,2026-03-18,2019-02-07,2025-09-20,2026-03-19,Active,Mains,4G|5G,Omni,13.6,269,VMO2,Fibre,100
ANT-LDN-0104,VMO2-DALSTON-03,Hackney,Dalston,E8 6IX,51.53724,-0.057675,2026-03-18,2017-03-08,2025-12-08,2026-01-07,Active,Backup,4G|5G,Small Cell,11.3,297,VMO2,Microwave,94
ANT-LDN-0105,VMO2-GREENWICH-03,Greenwich,Greenwich,SE10 8WP,51.48793,0.000877,2026-03-18,2024-02-01,2026-01-22,2026-03-08,Active,Mains,4G|5G,Small Cell,9.9,150,VMO2,Fibre,90
ANT-LDN-0106,VMO2-HAMMERSMITH-03,Hammersmith and Fulham,Hammersmith,W6 7RP,51.489565,-0.227988,2026-03-18,2019-11-04,2026-02-28,2026-08-27,Degraded,Mains,4G|5G,Panel,30.0,335,VMO2,Ethernet,70
ANT-LDN-0107,VMO2-LEWISHAM-03,Lewisham,Lewisham,SE13 8MK,51.444128,-0.023,2026-03-18,2019-02-05,2025-11-02,2026-05-01,Active,Mains,5G,Omni,23.9,42,VMO2,Fibre,97
ANT-LDN-0108,VMO2-KENSINGTON-03,Kensington and Chelsea,Kensington,W8 2KV,51.502773,-0.197155,2026-03-18,2020-04-25,2025-12-21,2026-03-21,Active,Mains,5G,Massive MIMO,34.6,179,VMO2,Fibre,98
ANT-LDN-0109,VMO2-CROYDON-03,Croydon,Croydon,CR0 1CV,51.374052,-0.101666,2026-03-18,2024-02-25,2025-11-26,2026-01-25,Active,Mains,5G,Small Cell,7.4,15,VMO2,Hybrid Fibre/Microwave,88
ANT-LDN-0110,VMO2-HOUNSLOW-03,Hounslow,Hounslow,TW3 6MS,51.463212,-0.358752,2026-03-18,2017-05-13,2025-10-06,2025-11-20,Active,Mains,4G,Omni,20.6,39,VMO2,Ethernet,88
ANT-LDN-0111,VMO2-EALING-03,Ealing,Ealing,W5 3PQ,51.509343,-0.312918,2026-03-18,2021-05-05,2025-10-17,2025-11-16,Active,Mains,4G|5G,Panel,22.3,313,VMO2,Hybrid Fibre/Microwave,93
ANT-LDN-0112,VMO2-BARNET-03,Barnet,Barnet,EN5 8CZ,51.658598,-0.200607,2026-03-18,2024-08-25,2025-12-18,2026-06-16,Active,Mains,4G|5G,Panel,24.5,153,VMO2,Microwave,89
ANT-LDN-0113,VMO2-WALTHAMSTOW-03,Waltham Forest,Walthamstow,E17 3HZ,51.584363,-0.025879,2026-03-18,2022-07-17,2026-03-03,2026-05-02,Degraded,Mains,5G,Panel,30.5,282,VMO2,Fibre,64
ANT-LDN-0114,VMO2-STRATFORD-03,Newham,Stratford,E15 9NY,51.549793,0.007696,2026-03-18,2021-08-05,2025-10-13,2025-11-12,Active,Backup,4G|5G,Panel,13.7,238,VMO2,Ethernet,100
ANT-LDN-0115,VMO2-BROMLEY-03,Bromley,Bromley,BR1 9BD,51.410552,0.00741,2026-03-18,2022-10-24,2026-01-29,2026-03-30,Active,Mains,4G|5G,Panel,28.3,177,VMO2,Ethernet,100
ANT-LDN-0116,VMO2-ENFIELD-03,Enfield,Enfield,EN1 5EU,51.646937,-0.071617,2026-03-18,2020-05-25,2025-10-03,2026-01-31,Degraded,Backup,4G|5G,Small Cell,11.0,297,VMO2,Microwave,44
ANT-LDN-0117,VMO2-FINCHLEY-03,Barnet,Finchley,N3 1CB,51.606123,-0.189664,2026-03-18,2024-03-12,2025-10-13,2025-12-12,Active,Mains,4G,Small Cell,9.5,327,VMO2,Hybrid Fibre/Microwave,84
ANT-LDN-0118,VMO2-TOOTING-03,Wandsworth,Tooting,SW17 4ZZ,51.430912,-0.172256,2026-03-18,2024-09-06,2025-11-26,2026-01-25,Planned Maintenance,Backup,5G,Small Cell,7.3,212,VMO2,Hybrid Fibre/Microwave,70
ANT-LDN-0119,VMO2-CLAPHAM-03,Lambeth,Clapham,SW4 6ME,51.458114,-0.134114,2026-03-18,2025-07-13,2025-12-05,2026-04-04,Active,Mains,5G,Panel,22.7,136,VMO2,Microwave,98
ANT-LDN-0120,VMO2-WIMBLEDON-03,Merton,Wimbledon,SW19 7HF,51.417834,-0.208733,2026-03-18,2020-09-03,2025-10-13,2026-04-11,Active,Mains,4G|5G,Small Cell,10.2,263,VMO2,Hybrid Fibre/Microwave,98
ANT-LDN-0121,VMO2-RICHMOND-03,Richmond upon Thames,Richmond,TW9 9OH,51.453194,-0.29435,2026-03-18,2019-06-01,2025-10-11,2025-12-10,Degraded,Backup,4G|5G,Panel,25.7,334,VMO2,Hybrid Fibre/Microwave,81
ANT-LDN-0122,VMO2-PUTNEY-03,Wandsworth,Putney,SW15 5XL,51.469602,-0.217451,2026-03-18,2025-07-26,2025-11-26,2026-01-25,Active,Mains,4G|5G,Panel,24.9,185,VMO2,Fibre,93
ANT-LDN-0123,VMO2-ILFORD-03,Redbridge,Ilford,IG1 2ED,51.563495,0.069474,2026-03-18,2021-06-02,2025-12-04,2026-02-02,Active,Backup,5G,Panel,15.3,308,VMO2,Hybrid Fibre/Microwave,100
ANT-LDN-0124,VMO2-DAGENHAM-03,Barking and Dagenham,Dagenham,RM10 8QO,51.538462,0.170085,2026-03-18,2018-09-03,2025-10-05,2026-02-02,Active,Mains,4G|5G,Omni,19.3,201,VMO2,Ethernet,93
ANT-LDN-0125,VMO2-ROMFORD-03,Havering,Romford,RM1 1LK,51.578549,0.179496,2026-03-18,2024-07-22,2026-02-09,2026-05-10,Active,Backup,5G,Small Cell,12.2,352,VMO2,Hybrid Fibre/Microwave,84
ANT-LDN-0126,VMO2-HARROW-03,Harrow,Harrow,HA1 3QU,51.581764,-0.335246,2026-03-18,2025-02-01,2025-10-02,2025-12-31,Active,Mains,4G|5G,Small Cell,6.3,358,VMO2,Microwave,87
ANT-LDN-0127,VMO2-UXBRIDGE-03,Hillingdon,Uxbridge,UB8 4NQ,51.544919,-0.481428,2026-03-18,2025-09-10,2025-10-04,2026-01-02,Active,Mains,3G|4G|5G,Small Cell,6.5,70,VMO2,Microwave,100
ANT-LDN-0128,VMO2-TWICKENHAM-03,Richmond upon Thames,Twickenham,TW1 3OR,51.449933,-0.330611,2026-03-18,2020-11-03,2025-10-21,2025-12-20,Active,Backup,4G,Microwave Dish,30.7,354,VMO2,Hybrid Fibre/Microwave,92
ANT-LDN-0129,VMO2-KINGSTON-03,Kingston upon Thames,Kingston,KT1 5YJ,51.408543,-0.304932,2026-03-18,2024-11-27,2026-01-15,2026-07-14,Active,Mains,4G,Panel,20.0,140,VMO2,Fibre,93
ANT-LDN-0130,VMO2-SURBITON-03,Kingston upon Thames,Surbiton,KT6 6YZ,51.399228,-0.305915,2026-03-18,2018-08-23,2025-12-25,2026-01-24,Active,Backup,4G|5G,Small Cell,8.9,226,VMO2,Hybrid Fibre/Microwave,92
ANT-LDN-0131,VMO2-HAMPSTEAD-03,Camden,Hampstead,NW3 3DT,51.564061,-0.17388,2026-03-18,2025-04-23,2025-10-10,2025-11-24,Active,Mains,4G|5G,Small Cell,10.5,326,VMO2,Fibre,91
ANT-LDN-0132,VMO2-HIGHGATE-03,Haringey,Highgate,N6 3AR,51.574695,-0.156589,2026-03-18,2018-10-09,2025-11-25,2026-05-24,Active,Mains,2G|4G|5G,Microwave Dish,26.0,102,VMO2,Ethernet,93
ANT-LDN-0133,VMO2-FINSBURY-PARK-03,Hackney,Finsbury Park,N4 4RX,51.572435,-0.114821,2026-03-18,2025-02-09,2026-02-28,2026-04-14,Active,Mains,4G|5G,Microwave Dish,36.5,18,VMO2,Hybrid Fibre/Microwave,96
ANT-LDN-0134,VMO2-TOTTENHAM-03,Haringey,Tottenham,N17 2KJ,51.603405,-0.075805,2026-03-18,2022-02-05,2025-09-26,2026-01-24,Active,Mains,5G,Omni,15.1,258,VMO2,Ethernet,98
ANT-LDN-0135,VMO2-WOOD-GREEN-03,Haringey,Wood Green,N22 5WF,51.595822,-0.104346,2026-03-18,2017-02-27,2025-12-13,2026-02-11,Active,Mains,5G,Small Cell,7.5,327,VMO2,Hybrid Fibre/Microwave,96
ANT-LDN-0136,VMO2-BALHAM-03,Wandsworth,Balham,SW12 3PK,51.441714,-0.161197,2026-03-18,2019-10-14,2026-03-08,2026-05-07,Active,Mains,4G|5G,Massive MIMO,24.4,168,VMO2,Fibre,93
ANT-LDN-0137,VMO2-BRIXTON-03,Lambeth,Brixton,SW2 2OJ,51.464577,-0.124795,2026-03-18,2018-10-17,2025-11-26,2026-05-25,Active,Mains,5G,Omni,28.2,159,VMO2,Ethernet,87
ANT-LDN-0138,VMO2-PECKHAM-03,Southwark,Peckham,SE15 3OX,51.469825,-0.077295,2026-03-18,2023-10-18,2025-12-04,2026-03-04,Active,Mains,4G,Omni,29.4,340,VMO2,Microwave,90
ANT-LDN-0139,VMO2-BERMONDSEY-03,Southwark,Bermondsey,SE1 6CS,51.498334,-0.063108,2026-03-18,2018-04-05,2026-02-22,2026-06-22,Active,Mains,2G|4G|5G,Panel,24.3,84,VMO2,Hybrid Fibre/Microwave,94
ANT-LDN-0140,VMO2-DEPTFORD-03,Lewisham,Deptford,SE8 9OZ,51.482688,-0.025835,2026-03-18,2017-08-16,2025-11-13,2025-12-28,Active,Mains,5G,Massive MIMO,19.4,236,VMO2,Fibre,93
ANT-LDN-0141,VMO2-BLACKHEATH-03,Greenwich,Blackheath,SE3 1NL,51.472279,0.008645,2026-03-18,2024-11-08,2026-02-21,2026-06-21,Active,Mains,2G|4G|5G,Omni,13.6,241,VMO2,Ethernet,85
ANT-LDN-0142,VMO2-ELTHAM-03,Greenwich,Eltham,SE9 7LM,51.456519,0.060645,2026-03-18,2022-01-12,2025-12-03,2026-03-03,Active,Mains,4G|5G,Omni,32.1,68,VMO2,Fibre,95
ANT-LDN-0143,VMO2-SIDCUP-03,Bexley,Sidcup,DA15 4AY,51.43499,0.108385,2026-03-18,2017-04-04,2025-12-23,2026-03-23,Active,Backup,4G,Massive MIMO,30.8,117,VMO2,Hybrid Fibre/Microwave,91
ANT-LDN-0144,VMO2-ORPINGTON-03,Bromley,Orpington,BR6 2BZ,51.367804,0.106079,2026-03-18,2024-05-28,2025-11-22,2026-03-22,Active,Mains,3G|4G|5G,Omni,12.4,105,VMO2,Fibre,86
ANT-LDN-0145,VMO2-BEXLEYHEATH-03,Bexley,Bexleyheath,DA6 1HX,51.458362,0.152569,2026-03-18,2017-07-01,2025-11-27,2026-02-25,Active,Backup,4G|5G,Panel,31.9,28,VMO2,Ethernet,88
ANT-LDN-0146,VMO2-HILLINGDON-03,Hillingdon,Hillingdon,UB10 6HJ,51.550217,-0.451977,2026-03-18,2018-08-10,2025-09-21,2026-01-19,Active,Mains,4G|5G,Panel,13.4,302,VMO2,Hybrid Fibre/Microwave,89
ANT-LDN-0147,VMO2-RUISLIP-03,Hillingdon,Ruislip,HA4 7ZQ,51.582429,-0.414127,2026-03-18,2020-07-29,2025-11-23,2026-02-21,Active,Mains,4G|5G,Panel,29.4,242,VMO2,Microwave,91
ANT-LDN-0148,VMO2-ACTON-03,Ealing,Acton,W3 9NN,51.512698,-0.25449,2026-03-18,2023-04-02,2025-10-25,2025-12-09,Active,Mains,4G|5G,Panel,19.6,40,VMO2,Ethernet,98
ANT-LDN-0149,VMO2-CHISWICK-03,Hounslow,Chiswick,W4 1CG,51.485176,-0.270279,2026-03-18,2025-07-17,2025-10-10,2026-04-08,Active,Mains,4G,Panel,16.8,170,VMO2,Fibre,93
ANT-LDN-0150,VMO2-FULHAM-03,Hammersmith and Fulham,Fulham,SW6 8HW,51.488755,-0.202636,2026-03-18,2023-10-12,2026-01-16,2026-04-16,Active,Mains,2G|4G|5G,Massive MIMO,36.6,194,VMO2,Ethernet,98
ANT-LDN-0151,VMO2-CAMDEN-04,Camden,Camden,NW1 2ZX,51.536418,-0.143257,2026-03-18,2022-04-08,2025-12-18,2026-02-01,Active,Mains,4G|5G,Panel,24.9,113,VMO2,Fibre,88
ANT-LDN-0152,VMO2-VICTORIA-04,Westminster,Victoria,SW1 4MS,51.494018,-0.14208,2026-03-18,2019-10-04,2025-11-02,2026-03-02,Active,Backup,4G,Small Cell,8.2,250,VMO2,Hybrid Fibre/Microwave,99
ANT-LDN-0153,VMO2-ANGEL-04,Islington,Angel,N1 8FR,51.532378,-0.097573,2026-03-18,2024-03-13,2026-02-22,2026-06-22,Active,Mains,4G|5G,Microwave Dish,36.7,342,VMO2,Fibre,85
ANT-LDN-0154,VMO2-DALSTON-04,Hackney,Dalston,E8 4QO,51.537655,-0.062628,2026-03-18,2021-03-09,2026-02-22,2026-06-22,Active,Mains,4G,Omni,33.0,337,VMO2,Fibre,99
ANT-LDN-0155,VMO2-GREENWICH-04,Greenwich,Greenwich,SE10 5RJ,51.474301,0.008318,2026-03-18,2017-03-12,2025-11-01,2026-04-30,Active,Backup,4G,Microwave Dish,35.9,54,VMO2,Microwave,87
ANT-LDN-0156,VMO2-HAMMERSMITH-04,Hammersmith and Fulham,Hammersmith,W6 7CL,51.498059,-0.228886,2026-03-18,2021-07-22,2025-11-12,2026-03-12,Active,Mains,4G|5G,Small Cell,8.5,41,VMO2,Fibre,85
ANT-LDN-0157,VMO2-LEWISHAM-04,Lewisham,Lewisham,SE13 1WF,51.446096,-0.030222,2026-03-18,2017-12-05,2025-11-02,2026-01-31,Active,Backup,4G,Panel,34.5,48,VMO2,Fibre,100
ANT-LDN-0158,VMO2-KENSINGTON-04,Kensington and Chelsea,Kensington,W8 5RS,51.498109,-0.184493,2026-03-18,2024-05-19,2026-03-01,2026-04-15,Active,Backup,2G|4G|5G,Panel,34.1,300,VMO2,Hybrid Fibre/Microwave,88
ANT-LDN-0159,VMO2-CROYDON-04,Croydon,Croydon,CR0 7VR,51.366362,-0.10575,2026-03-18,2020-09-20,2025-12-01,2026-05-30,Planned Maintenance,Backup,4G|5G,Omni,28.7,256,VMO2,Fibre,62
ANT-LDN-0160,VMO2-HOUNSLOW-04,Hounslow,Hounslow,TW3 7YK,51.473457,-0.365148,2026-03-18,2017-05-02,2025-09-28,2025-11-27,Active,Mains,3G|4G|5G,Massive MIMO,23.5,283,VMO2,Hybrid Fibre/Microwave,96
ANT-LDN-0161,VMO2-EALING-04,Ealing,Ealing,W5 4WC,51.506557,-0.302309,2026-03-18,2017-12-03,2025-12-31,2026-02-14,Active,Backup,4G|5G,Small Cell,7.3,199,VMO2,Ethernet,94
ANT-LDN-0162,VMO2-BARNET-04,Barnet,Barnet,EN5 5DE,51.66013,-0.200761,2026-03-18,2017-12-24,2026-01-21,2026-04-21,Active,Mains,5G,Massive MIMO,27.8,13,VMO2,Ethernet,86
ANT-LDN-0163,VMO2-WALTHAMSTOW-04,Waltham Forest,Walthamstow,E17 7MY,51.596983,-0.029841,2026-03-18,2017-12-13,2025-10-17,2025-12-01,Active,Mains,5G,Panel,20.8,71,VMO2,Ethernet,92
ANT-LDN-0164,VMO2-STRATFORD-04,Newham,Stratford,E15 7JP,51.533876,0.001728,2026-03-18,2025-10-11,2026-02-18,2026-04-19,Active,Mains,4G|5G,Panel,26.4,304,VMO2,Hybrid Fibre/Microwave,90
ANT-LDN-0165,VMO2-BROMLEY-04,Bromley,Bromley,BR1 7ZK,51.397615,0.01301,2026-03-18,2021-12-09,2025-12-14,2026-03-14,Active,Mains,3G|4G|5G,Microwave Dish,37.4,69,VMO2,Ethernet,93
ANT-LDN-0166,VMO2-ENFIELD-04,Enfield,Enfield,EN1 7KJ,51.651743,-0.08797,2026-03-18,2025-03-30,2025-09-28,2025-12-27,Active,Mains,2G|4G|5G,Small Cell,8.8,143,VMO2,Ethernet,96
ANT-LDN-0167,VMO2-FINCHLEY-04,Barnet,Finchley,N3 9AX,51.601868,-0.190042,2026-03-18,2022-03-06,2026-01-15,2026-04-15,Active,Mains,3G|4G|5G,Microwave Dish,16.6,209,VMO2,Microwave,99
ANT-LDN-0168,VMO2-TOOTING-04,Wandsworth,Tooting,SW17 7ZM,51.424296,-0.175363,2026-03-18,2017-10-30,2025-11-15,2026-03-15,Active,Mains,5G,Panel,23.7,354,VMO2,Fibre,97
ANT-LDN-0169,VMO2-CLAPHAM-04,Lambeth,Clapham,SW4 2DY,51.464728,-0.132142,2026-03-18,2019-10-14,2025-09-22,2026-03-21,Degraded,Backup,4G|5G,Small Cell,6.4,330,VMO2,Hybrid Fibre/Microwave,81
ANT-LDN-0170,VMO2-WIMBLEDON-04,Merton,Wimbledon,SW19 1DI,51.429317,-0.20776,2026-03-18,2019-06-29,2025-10-30,2026-04-28,Offline,Battery Reserve,5G,Massive MIMO,31.8,228,VMO2,Hybrid Fibre/Microwave,3
ANT-LDN-0171,VMO2-RICHMOND-04,Richmond upon Thames,Richmond,TW9 2JN,51.458664,-0.313684,2026-03-18,2017-12-18,2026-02-08,2026-08-07,Active,Mains,4G|5G,Panel,22.5,105,VMO2,Hybrid Fibre/Microwave,100
ANT-LDN-0172,VMO2-PUTNEY-04,Wandsworth,Putney,SW15 6CJ,51.462649,-0.211868,2026-03-18,2017-07-03,2026-02-08,2026-03-10,Active,Mains,3G|4G|5G,Small Cell,11.8,84,VMO2,Microwave,91
ANT-LDN-0173,VMO2-ILFORD-04,Redbridge,Ilford,IG1 4ZM,51.560017,0.083728,2026-03-18,2024-01-24,2026-01-21,2026-03-07,Active,Mains,4G,Massive MIMO,18.7,314,VMO2,Hybrid Fibre/Microwave,90
ANT-LDN-0174,VMO2-DAGENHAM-04,Barking and Dagenham,Dagenham,RM10 5YW,51.537876,0.159611,2026-03-18,2017-09-14,2025-10-13,2025-11-12,Active,Backup,3G|4G|5G,Massive MIMO,26.8,100,VMO2,Fibre,98
ANT-LDN-0175,VMO2-ROMFORD-04,Havering,Romford,RM1 7TM,51.575471,0.186621,2026-03-18,2023-08-02,2026-02-08,2026-04-09,Active,Backup,4G|5G,Massive MIMO,22.1,344,VMO2,Fibre,93
ANT-LDN-0176,VMO2-HARROW-04,Harrow,Harrow,HA1 3LW,51.571504,-0.341087,2026-03-18,2018-08-03,2025-10-30,2026-01-28,Active,Mains,4G|5G,Panel,20.8,95,VMO2,Microwave,99
ANT-LDN-0177,VMO2-UXBRIDGE-04,Hillingdon,Uxbridge,UB8 8TB,51.54271,-0.486171,2026-03-18,2021-01-10,2026-03-07,2026-06-05,Active,Backup,4G|5G,Microwave Dish,37.2,258,VMO2,Hybrid Fibre/Microwave,99
ANT-LDN-0178,VMO2-TWICKENHAM-04,Richmond upon Thames,Twickenham,TW1 3CS,51.453072,-0.327879,2026-03-18,2017-05-07,2026-01-12,2026-03-13,Active,Backup,4G|5G,Panel,18.6,234,VMO2,Fibre,99
ANT-LDN-0179,VMO2-KINGSTON-04,Kingston upon Thames,Kingston,KT1 6RY,51.416977,-0.293911,2026-03-18,2017-06-20,2025-11-17,2026-03-17,Active,Mains,4G|5G,Massive MIMO,35.7,334,VMO2,Ethernet,91
ANT-LDN-0180,VMO2-SURBITON-04,Kingston upon Thames,Surbiton,KT6 2OD,51.391645,-0.30688,2026-03-18,2025-09-12,2026-01-08,2026-02-22,Degraded,Mains,3G|4G|5G,Massive MIMO,26.4,312,VMO2,Hybrid Fibre/Microwave,80
ANT-LDN-0181,VMO2-HAMPSTEAD-04,Camden,Hampstead,NW3 1SL,51.561542,-0.171416,2026-03-18,2022-12-21,2025-12-28,2026-04-27,Active,Mains,5G,Panel,28.2,148,VMO2,Fibre,92
ANT-LDN-0182,VMO2-HIGHGATE-04,Haringey,Highgate,N6 3WE,51.578119,-0.137858,2026-03-18,2019-10-20,2026-01-31,2026-07-30,Active,Backup,4G|5G,Panel,31.4,201,VMO2,Microwave,99
ANT-LDN-0183,VMO2-FINSBURY-PARK-04,Hackney,Finsbury Park,N4 2UZ,51.567673,-0.108821,2026-03-18,2025-08-16,2026-02-14,2026-05-15,Active,Mains,5G,Panel,33.5,188,VMO2,Hybrid Fibre/Microwave,98
ANT-LDN-0184,VMO2-TOTTENHAM-04,Haringey,Tottenham,N17 2XO,51.603271,-0.058209,2026-03-18,2024-02-14,2025-09-20,2026-03-19,Active,Mains,4G|5G,Panel,24.3,111,VMO2,Microwave,97
ANT-LDN-0185,VMO2-WOOD-GREEN-04,Haringey,Wood Green,N22 3SP,51.604282,-0.112607,2026-03-18,2020-11-08,2025-09-16,2025-10-16,Active,Mains,4G|5G,Small Cell,13.1,8,VMO2,Microwave,87
ANT-LDN-0186,VMO2-BALHAM-04,Wandsworth,Balham,SW12 3UJ,51.451761,-0.154216,2026-03-18,2018-10-14,2025-12-29,2026-01-28,Active,Mains,4G,Panel,20.6,332,VMO2,Fibre,89
ANT-LDN-0187,VMO2-BRIXTON-04,Lambeth,Brixton,SW2 7UC,51.465142,-0.11024,2026-03-18,2024-11-22,2026-02-13,2026-03-15,Active,Mains,4G|5G,Panel,25.7,265,VMO2,Fibre,98
ANT-LDN-0188,VMO2-PECKHAM-04,Southwark,Peckham,SE15 7WE,51.479991,-0.059349,2026-03-18,2022-05-11,2026-02-19,2026-04-05,Active,Mains,4G|5G,Small Cell,6.9,160,VMO2,Ethernet,95
ANT-LDN-0189,VMO2-BERMONDSEY-04,Southwark,Bermondsey,SE1 2QS,51.500307,-0.05998,2026-03-18,2017-02-04,2025-10-04,2026-04-02,Active,Mains,4G|5G,Panel,16.9,77,VMO2,Hybrid Fibre/Microwave,97
ANT-LDN-0190,VMO2-DEPTFORD-04,Lewisham,Deptford,SE8 2SX,51.485742,-0.03316,2026-03-18,2021-04-22,2025-12-10,2026-03-10,Degraded,Mains,4G|5G,Panel,18.4,43,VMO2,Ethernet,67
ANT-LDN-0191,VMO2-BLACKHEATH-04,Greenwich,Blackheath,SE3 5GQ,51.474014,0.010327,2026-03-18,2023-10-22,2025-10-30,2025-12-14,Degraded,Mains,3G|4G|5G,Panel,13.3,122,VMO2,Hybrid Fibre/Microwave,75
ANT-LDN-0192,VMO2-ELTHAM-04,Greenwich,Eltham,SE9 1LK,51.454347,0.041591,2026-03-18,2018-06-25,2025-11-30,2026-03-30,Active,Backup,4G|5G,Massive MIMO,22.1,241,VMO2,Fibre,86
ANT-LDN-0193,VMO2-SIDCUP-04,Bexley,Sidcup,DA15 1ZM,51.430457,0.093936,2026-03-18,2022-09-07,2025-12-26,2026-06-24,Active,Mains,4G,Small Cell,9.6,205,VMO2,Microwave,86
ANT-LDN-0194,VMO2-ORPINGTON-04,Bromley,Orpington,BR6 3RK,51.365943,0.107039,2026-03-18,2021-05-20,2025-10-10,2026-04-08,Active,Mains,3G|4G|5G,Small Cell,11.5,158,VMO2,Microwave,97
ANT-LDN-0195,VMO2-BEXLEYHEATH-04,Bexley,Bexleyheath,DA6 1JV,51.463919,0.140236,2026-03-18,2025-04-26,2025-09-22,2026-03-21,Active,Mains,4G|5G,Panel,15.2,5,VMO2,Hybrid Fibre/Microwave,89
ANT-LDN-0196,VMO2-HILLINGDON-04,Hillingdon,Hillingdon,UB10 5XD,51.543238,-0.465534,2026-03-18,2025-08-26,2026-03-02,2026-05-01,Planned Maintenance,Backup,3G|4G|5G,Panel,13.5,295,VMO2,Hybrid Fibre/Microwave,54
ANT-LDN-0197,VMO2-RUISLIP-04,Hillingdon,Ruislip,HA4 3LF,51.566842,-0.415853,2026-03-18,2019-11-11,2026-02-11,2026-06-11,Active,Mains,4G,Panel,29.0,1,VMO2,Fibre,85
ANT-LDN-0198,VMO2-ACTON-04,Ealing,Acton,W3 3BR,51.505188,-0.254375,2026-03-18,2025-01-03,2025-09-23,2025-12-22,Active,Backup,4G|5G,Panel,33.1,163,VMO2,Fibre,92
ANT-LDN-0199,VMO2-CHISWICK-04,Hounslow,Chiswick,W4 3HZ,51.492835,-0.259259,2026-03-18,2022-10-14,2026-02-26,2026-05-27,Active,Mains,4G|5G,Massive MIMO,24.8,159,VMO2,Fibre,94
ANT-LDN-0200,VMO2-FULHAM-04,Hammersmith and Fulham,Fulham,SW6 5XT,51.478672,-0.198977,2026-03-18,2019-09-21,2025-11-11,2026-01-10,Active,Mains,5G,Massive MIMO,36.5,100,VMO2,Microwave,91
ANT-LDN-0201,VMO2-CAMDEN-05,Camden,Camden,NW1 1KA,51.528106,-0.142328,2026-03-18,2025-07-06,2025-09-22,2025-12-21,Active,Backup,3G|4G|5G,Small Cell,6.9,271,VMO2,Hybrid Fibre/Microwave,91
ANT-LDN-0202,VMO2-VICTORIA-05,Westminster,Victoria,SW1 5CB,51.505534,-0.14321,2026-03-18,2019-08-07,2025-10-27,2026-01-25,Active,Mains,4G,Panel,34.4,43,VMO2,Microwave,87
ANT-LDN-0203,VMO2-ANGEL-05,Islington,Angel,N1 7VE,51.530772,-0.100776,2026-03-18,2019-08-28,2025-12-25,2026-02-23,Active,Backup,3G|4G|5G,Omni,21.0,167,VMO2,Hybrid Fibre/Microwave,94
ANT-LDN-0204,VMO2-DALSTON-05,Hackney,Dalston,E8 2ED,51.55254,-0.062942,2026-03-18,2018-11-05,2025-11-14,2026-02-12,Active,Mains,4G|5G,Panel,20.2,106,VMO2,Ethernet,98
ANT-LDN-0205,VMO2-GREENWICH-05,Greenwich,Greenwich,SE10 5WW,51.475637,0.01416,2026-03-18,2023-10-08,2026-02-27,2026-04-13,Active,Mains,3G|4G|5G,Panel,14.1,127,VMO2,Hybrid Fibre/Microwave,95
ANT-LDN-0206,VMO2-HAMMERSMITH-05,Hammersmith and Fulham,Hammersmith,W6 1MO,51.488623,-0.213696,2026-03-18,2023-03-28,2025-10-20,2025-12-04,Active,Mains,4G|5G,Panel,30.3,62,VMO2,Fibre,84
ANT-LDN-0207,VMO2-LEWISHAM-05,Lewisham,Lewisham,SE13 6VU,51.438922,-0.014103,2026-03-18,2024-03-25,2026-02-16,2026-06-16,Degraded,Mains,5G,Omni,13.7,33,VMO2,Hybrid Fibre/Microwave,66
ANT-LDN-0208,VMO2-KENSINGTON-05,Kensington and Chelsea,Kensington,W8 6DB,51.508886,-0.186484,2026-03-18,2022-03-04,2026-02-25,2026-04-11,Degraded,Mains,2G|4G|5G,Massive MIMO,35.4,254,VMO2,Hybrid Fibre/Microwave,60
ANT-LDN-0209,VMO2-CROYDON-05,Croydon,Croydon,CR0 5IO,51.369617,-0.091726,2026-03-18,2018-09-01,2026-03-01,2026-06-29,Active,Mains,5G,Panel,18.8,210,VMO2,Fibre,99
ANT-LDN-0210,VMO2-HOUNSLOW-05,Hounslow,Hounslow,TW3 9HU,51.461533,-0.368111,2026-03-18,2023-02-05,2026-03-05,2026-06-03,Active,Backup,3G|4G|5G,Panel,24.5,248,VMO2,Ethernet,95
ANT-LDN-0211,VMO2-EALING-05,Ealing,Ealing,W5 1ZY,51.505543,-0.302761,2026-03-18,2020-02-25,2026-02-23,2026-05-24,Active,Mains,5G,Small Cell,14.5,81,VMO2,Microwave,87
ANT-LDN-0212,VMO2-BARNET-05,Barnet,Barnet,EN5 1YH,51.653173,-0.193484,2026-03-18,2023-06-17,2025-11-30,2026-01-29,Active,Mains,2G|4G|5G,Omni,16.0,121,VMO2,Ethernet,94
ANT-LDN-0213,VMO2-WALTHAMSTOW-05,Waltham Forest,Walthamstow,E17 3SG,51.594259,-0.022715,2026-03-18,2022-07-10,2025-10-22,2025-12-21,Planned Maintenance,Maintenance Isolate,4G|5G,Panel,13.3,308,VMO2,Fibre,24
ANT-LDN-0214,VMO2-STRATFORD-05,Newham,Stratford,E15 3KW,51.538439,0.005497,2026-03-18,2018-12-28,2025-12-17,2026-01-16,Active,Mains,4G|5G,Massive MIMO,40.0,56,VMO2,Ethernet,100
ANT-LDN-0215,VMO2-BROMLEY-05,Bromley,Bromley,BR1 2KJ,51.409477,0.018605,2026-03-18,2020-08-14,2026-02-03,2026-03-20,Offline,Battery Reserve,3G|4G|5G,Massive MIMO,33.3,249,VMO2,Ethernet,21
ANT-LDN-0216,VMO2-ENFIELD-05,Enfield,Enfield,EN1 3MJ,51.647395,-0.079332,2026-03-18,2025-03-26,2025-12-24,2026-02-07,Active,Mains,4G|5G,Panel,28.1,293,VMO2,Fibre,96
ANT-LDN-0217,VMO2-FINCHLEY-05,Barnet,Finchley,N3 4US,51.607458,-0.181182,2026-03-18,2018-03-03,2025-11-02,2025-12-17,Active,Mains,4G|5G,Panel,20.0,163,VMO2,Fibre,89
ANT-LDN-0218,VMO2-TOOTING-05,Wandsworth,Tooting,SW17 4WC,51.427593,-0.173031,2026-03-18,2020-12-06,2026-01-03,2026-02-02,Degraded,Backup,3G|4G|5G,Panel,22.1,214,VMO2,Hybrid Fibre/Microwave,15
ANT-LDN-0219,VMO2-CLAPHAM-05,Lambeth,Clapham,SW4 8ZS,51.458771,-0.141318,2026-03-18,2024-04-20,2025-09-15,2025-10-30,Active,Backup,4G|5G,Panel,31.5,150,VMO2,Ethernet,84
ANT-LDN-0220,VMO2-WIMBLEDON-05,Merton,Wimbledon,SW19 7FX,51.414161,-0.213228,2026-03-18,2017-11-04,2025-10-20,2025-11-19,Active,Mains,4G|5G,Omni,32.5,15,VMO2,Microwave,97
ANT-LDN-0221,VMO2-RICHMOND-05,Richmond upon Thames,Richmond,TW9 4GN,51.455471,-0.312074,2026-03-18,2024-10-26,2025-10-19,2026-04-17,Active,Backup,2G|4G|5G,Massive MIMO,33.9,152,VMO2,Fibre,91
ANT-LDN-0222,VMO2-PUTNEY-05,Wandsworth,Putney,SW15 7CJ,51.457811,-0.218923,2026-03-18,2024-06-04,2025-09-30,2026-01-28,Active,Backup,5G,Panel,16.8,326,VMO2,Fibre,93
ANT-LDN-0223,VMO2-ILFORD-05,Redbridge,Ilford,IG1 8VI,51.555742,0.071947,2026-03-18,2018-01-09,2025-09-26,2026-01-24,Active,Mains,4G|5G,Panel,20.8,95,VMO2,Fibre,98
ANT-LDN-0224,VMO2-DAGENHAM-05,Barking and Dagenham,Dagenham,RM10 1EY,51.542278,0.172679,2026-03-18,2024-10-23,2025-09-20,2025-10-20,Active,Backup,4G|5G,Panel,24.5,301,VMO2,Fibre,91
ANT-LDN-0225,VMO2-ROMFORD-05,Havering,Romford,RM1 8SH,51.582916,0.187628,2026-03-18,2022-05-05,2025-12-23,2026-01-22,Degraded,Backup,4G|5G,Microwave Dish,15.8,292,VMO2,Microwave,76
ANT-LDN-0226,VMO2-HARROW-05,Harrow,Harrow,HA1 4ZG,51.572439,-0.326828,2026-03-18,2018-06-01,2026-02-27,2026-05-28,Active,Backup,4G|5G,Small Cell,7.7,321,VMO2,Ethernet,88
ANT-LDN-0227,VMO2-UXBRIDGE-05,Hillingdon,Uxbridge,UB8 9KI,51.539279,-0.478416,2026-03-18,2022-10-30,2025-11-12,2025-12-12,Active,Mains,3G|4G|5G,Small Cell,10.4,214,VMO2,Hybrid Fibre/Microwave,87
ANT-LDN-0228,VMO2-TWICKENHAM-05,Richmond upon Thames,Twickenham,TW1 2ZJ,51.456724,-0.325384,2026-03-18,2023-01-03,2025-12-11,2026-03-11,Active,Mains,4G|5G,Small Cell,10.9,242,VMO2,Microwave,85
ANT-LDN-0229,VMO2-KINGSTON-05,Kingston upon Thames,Kingston,KT1 7BM,51.41431,-0.296903,2026-03-18,2020-09-19,2026-01-08,2026-02-07,Active,Mains,3G|4G|5G,Omni,32.6,10,VMO2,Ethernet,94
ANT-LDN-0230,VMO2-SURBITON-05,Kingston upon Thames,Surbiton,KT6 4EJ,51.39859,-0.299818,2026-03-18,2025-05-05,2025-11-16,2026-01-15,Active,Backup,4G|5G,Panel,26.8,96,VMO2,Microwave,98
ANT-LDN-0231,VMO2-HAMPSTEAD-05,Camden,Hampstead,NW3 6BQ,51.560796,-0.172551,2026-03-18,2018-10-14,2026-02-21,2026-04-22,Planned Maintenance,Backup,4G,Panel,30.0,268,VMO2,Microwave,56
ANT-LDN-0232,VMO2-HIGHGATE-05,Haringey,Highgate,N6 8BL,51.576729,-0.153461,2026-03-18,2024-11-26,2026-01-18,2026-03-19,Active,Mains,4G|5G,Massive MIMO,27.5,63,VMO2,Microwave,84
ANT-LDN-0233,VMO2-FINSBURY-PARK-05,Hackney,Finsbury Park,N4 9LL,51.560019,-0.09842,2026-03-18,2018-11-01,2026-01-02,2026-07-01,Active,Backup,3G|4G|5G,Panel,12.6,25,VMO2,Microwave,89
ANT-LDN-0234,VMO2-TOTTENHAM-05,Haringey,Tottenham,N17 7QA,51.600021,-0.070349,2026-03-18,2025-10-02,2025-09-16,2025-10-16,Degraded,Mains,5G,Panel,16.0,4,VMO2,Ethernet,67
ANT-LDN-0235,VMO2-WOOD-GREEN-05,Haringey,Wood Green,N22 5NM,51.602317,-0.104803,2026-03-18,2020-11-29,2025-11-12,2026-01-11,Active,Mains,4G|5G,Panel,24.0,319,VMO2,Fibre,96
ANT-LDN-0236,VMO2-BALHAM-05,Wandsworth,Balham,SW12 5JV,51.444445,-0.150731,2026-03-18,2018-03-19,2025-11-06,2025-12-06,Active,Mains,4G|5G,Panel,19.5,141,VMO2,Ethernet,92
ANT-LDN-0237,VMO2-BRIXTON-05,Lambeth,Brixton,SW2 7VK,51.468095,-0.109186,2026-03-18,2024-08-20,2026-02-02,2026-08-01,Active,Mains,4G|5G,Massive MIMO,25.1,214,VMO2,Hybrid Fibre/Microwave,96
ANT-LDN-0238,VMO2-PECKHAM-05,Southwark,Peckham,SE15 9UZ,51.471934,-0.065119,2026-03-18,2022-05-03,2025-09-19,2025-11-18,Active,Mains,5G,Microwave Dish,34.3,285,VMO2,Ethernet,89
ANT-LDN-0239,VMO2-BERMONDSEY-05,Southwark,Bermondsey,SE1 9YF,51.501996,-0.058971,2026-03-18,2024-08-16,2025-12-14,2026-06-12,Active,Mains,4G|5G,Panel,29.1,157,VMO2,Ethernet,97
ANT-LDN-0240,VMO2-DEPTFORD-05,Lewisham,Deptford,SE8 1US,51.478384,-0.033627,2026-03-18,2023-07-05,2025-10-02,2025-11-01,Active,Mains,5G,Panel,14.8,348,VMO2,Ethernet,96
ANT-LDN-0241,VMO2-BLACKHEATH-05,Greenwich,Blackheath,SE3 7SO,51.461935,0.000706,2026-03-18,2018-08-10,2025-12-19,2026-06-17,Active,Mains,4G|5G,Panel,19.7,90,VMO2,Fibre,94
ANT-LDN-0242,VMO2-ELTHAM-05,Greenwich,Eltham,SE9 3PZ,51.44706,0.056344,2026-03-18,2025-07-25,2026-02-15,2026-04-01,Active,Mains,5G,Small Cell,9.4,244,VMO2,Fibre,96
ANT-LDN-0243,VMO2-SIDCUP-05,Bexley,Sidcup,DA15 6YQ,51.438421,0.113051,2026-03-18,2019-02-20,2026-03-05,2026-09-01,Active,Mains,4G|5G,Small Cell,7.9,176,VMO2,Microwave,93
ANT-LDN-0244,VMO2-ORPINGTON-05,Bromley,Orpington,BR6 5JO,51.367439,0.105001,2026-03-18,2025-03-01,2025-10-27,2026-02-24,Active,Mains,5G,Massive MIMO,34.5,68,VMO2,Hybrid Fibre/Microwave,94
ANT-LDN-0245,VMO2-BEXLEYHEATH-05,Bexley,Bexleyheath,DA6 7AH,51.451003,0.156845,2026-03-18,2019-07-08,2026-02-04,2026-03-21,Active,Mains,3G|4G|5G,Massive MIMO,22.1,187,VMO2,Hybrid Fibre/Microwave,85
ANT-LDN-0246,VMO2-HILLINGDON-05,Hillingdon,Hillingdon,UB10 1VD,51.553511,-0.455114,2026-03-18,2024-05-01,2026-03-04,2026-04-03,Degraded,Backup,4G,Panel,20.7,280,VMO2,Hybrid Fibre/Microwave,18
ANT-LDN-0247,VMO2-RUISLIP-05,Hillingdon,Ruislip,HA4 5NV,51.577718,-0.420663,2026-03-18,2018-02-18,2025-09-21,2026-01-19,Active,Mains,4G|5G,Massive MIMO,21.3,53,VMO2,Fibre,100
ANT-LDN-0248,VMO2-ACTON-05,Ealing,Acton,W3 5QG,51.507462,-0.260911,2026-03-18,2021-01-06,2025-11-25,2026-01-24,Active,Mains,4G|5G,Massive MIMO,39.8,352,VMO2,Ethernet,99
ANT-LDN-0249,VMO2-CHISWICK-05,Hounslow,Chiswick,W4 8EC,51.495718,-0.259156,2026-03-18,2025-09-28,2025-10-30,2025-11-29,Active,Mains,3G|4G|5G,Panel,17.9,118,VMO2,Ethernet,98
ANT-LDN-0250,VMO2-FULHAM-05,Hammersmith and Fulham,Fulham,SW6 1JL,51.474097,-0.201431,2026-03-18,2024-08-04,2025-12-19,2026-03-19,Active,Mains,3G|4G|5G,Panel,29.4,23,VMO2,Microwave,84
ANT-LDN-0251,VMO2-CAMDEN-06,Camden,Camden,NW1 5XC,51.533287,-0.134915,2026-03-18,2021-03-07,2025-12-12,2026-01-26,Active,Mains,4G|5G,Panel,22.5,197,VMO2,Hybrid Fibre/Microwave,99
ANT-LDN-0252,VMO2-VICTORIA-06,Westminster,Victoria,SW1 1FD,51.490922,-0.13158,2026-03-18,2021-09-01,2025-10-09,2026-01-07,Active,Mains,3G|4G|5G,Small Cell,7.5,194,VMO2,Fibre,95
ANT-LDN-0253,VMO2-ANGEL-06,Islington,Angel,N1 7OB,51.537712,-0.102449,2026-03-18,2017-09-17,2026-01-02,2026-07-01,Degraded,Mains,4G|5G,Small Cell,11.8,295,VMO2,Microwave,83
ANT-LDN-0254,VMO2-DALSTON-06,Hackney,Dalston,E8 2NV,51.545325,-0.051347,2026-03-18,2025-02-24,2026-01-05,2026-04-05,Offline,Battery Reserve,4G|5G,Small Cell,9.3,285,VMO2,Fibre,23
ANT-LDN-0255,VMO2-GREENWICH-06,Greenwich,Greenwich,SE10 8FC,51.482695,0.007055,2026-03-18,2025-06-05,2025-11-04,2026-01-03,Active,Mains,4G|5G,Omni,13.2,114,VMO2,Hybrid Fibre/Microwave,96
ANT-LDN-0256,VMO2-HAMMERSMITH-06,Hammersmith and Fulham,Hammersmith,W6 8CP,51.492005,-0.217674,2026-03-18,2022-01-06,2025-12-19,2026-01-18,Degraded,Mains,2G|4G|5G,Small Cell,6.2,206,VMO2,Fibre,73
ANT-LDN-0257,VMO2-LEWISHAM-06,Lewisham,Lewisham,SE13 5QR,51.45074,-0.014773,2026-03-18,2019-04-28,2025-09-23,2026-03-22,Active,Mains,5G,Panel,31.0,114,VMO2,Ethernet,98
ANT-LDN-0258,VMO2-KENSINGTON-06,Kensington and Chelsea,Kensington,W8 8DD,51.505683,-0.196271,2026-03-18,2025-07-08,2025-09-22,2025-11-06,Active,Backup,4G|5G,Panel,26.6,149,VMO2,Ethernet,100
ANT-LDN-0259,VMO2-CROYDON-06,Croydon,Croydon,CR0 7DI,51.378847,-0.100459,2026-03-18,2023-11-08,2026-01-18,2026-03-04,Active,Mains,4G|5G,Microwave Dish,20.0,97,VMO2,Fibre,94
ANT-LDN-0260,VMO2-HOUNSLOW-06,Hounslow,Hounslow,TW3 2YO,51.474953,-0.354713,2026-03-18,2022-02-17,2025-09-22,2026-01-20,Active,Mains,2G|4G|5G,Panel,23.5,271,VMO2,Hybrid Fibre/Microwave,85
ANT-LDN-0261,VMO2-EALING-06,Ealing,Ealing,W5 3WS,51.520814,-0.298897,2026-03-18,2018-12-13,2026-02-05,2026-03-07,Degraded,Backup,4G|5G,Massive MIMO,39.2,258,VMO2,Hybrid Fibre/Microwave,72
ANT-LDN-0262,VMO2-BARNET-06,Barnet,Barnet,EN5 5OZ,51.648751,-0.189865,2026-03-18,2018-07-01,2026-02-02,2026-05-03,Offline,Offline,5G,Omni,23.8,359,VMO2,Ethernet,55
ANT-LDN-0263,VMO2-WALTHAMSTOW-06,Waltham Forest,Walthamstow,E17 5VL,51.585715,-0.016992,2026-03-18,2024-07-17,2026-02-04,2026-08-03,Active,Mains,4G,Omni,23.6,355,VMO2,Fibre,94
ANT-LDN-0264,VMO2-STRATFORD-06,Newham,Stratford,E15 7VX,51.542708,0.012396,2026-03-18,2022-12-27,2025-12-26,2026-03-26,Degraded,Backup,3G|4G|5G,Massive MIMO,18.6,74,VMO2,Fibre,61
ANT-LDN-0265,VMO2-BROMLEY-06,Bromley,Bromley,BR1 3BW,51.41422,0.019051,2026-03-18,2025-10-18,2025-12-24,2026-02-07,Active,Mains,3G|4G|5G,Panel,30.7,52,VMO2,Hybrid Fibre/Microwave,91
ANT-LDN-0266,VMO2-ENFIELD-06,Enfield,Enfield,EN1 7MN,51.65538,-0.090713,2026-03-18,2024-09-07,2025-12-19,2026-04-18,Active,Mains,4G|5G,Small Cell,7.7,226,VMO2,Ethernet,91
ANT-LDN-0267,VMO2-FINCHLEY-06,Barnet,Finchley,N3 5OF,51.604994,-0.18125,2026-03-18,2024-08-28,2026-02-18,2026-04-04,Active,Mains,2G|4G|5G,Small Cell,7.0,20,VMO2,Ethernet,97
ANT-LDN-0268,VMO2-TOOTING-06,Wandsworth,Tooting,SW17 1KO,51.422736,-0.160834,2026-03-18,2024-12-16,2026-01-29,2026-02-28,Active,Mains,4G|5G,Panel,13.2,320,VMO2,Hybrid Fibre/Microwave,93
ANT-LDN-0269,VMO2-CLAPHAM-06,Lambeth,Clapham,SW4 9HF,51.454039,-0.134339,2026-03-18,2022-11-03,2026-02-20,2026-06-20,Degraded,Backup,4G|5G,Massive MIMO,27.7,178,VMO2,Microwave,67
ANT-LDN-0270,VMO2-WIMBLEDON-06,Merton,Wimbledon,SW19 9PR,51.419034,-0.212213,2026-03-18,2025-06-08,2025-09-24,2025-10-24,Active,Mains,4G|5G,Panel,17.5,328,VMO2,Fibre,91
ANT-LDN-0271,VMO2-RICHMOND-06,Richmond upon Thames,Richmond,TW9 2MI,51.459283,-0.29748,2026-03-18,2023-01-22,2025-12-27,2026-01-26,Active,Mains,2G|4G|5G,Microwave Dish,23.6,260,VMO2,Hybrid Fibre/Microwave,98
ANT-LDN-0272,VMO2-PUTNEY-06,Wandsworth,Putney,SW15 2FY,51.460645,-0.224771,2026-03-18,2023-01-13,2025-10-24,2025-11-23,Active,Mains,4G,Panel,26.5,109,VMO2,Fibre,97
ANT-LDN-0273,VMO2-ILFORD-06,Redbridge,Ilford,IG1 3AO,51.561492,0.083335,2026-03-18,2025-01-15,2025-12-15,2026-01-14,Active,Backup,4G|5G,Panel,30.3,285,VMO2,Microwave,86
ANT-LDN-0274,VMO2-DAGENHAM-06,Barking and Dagenham,Dagenham,RM10 7KA,51.544397,0.168335,2026-03-18,2021-05-15,2025-09-18,2025-10-18,Planned Maintenance,Backup,5G,Small Cell,11.3,299,VMO2,Fibre,12
ANT-LDN-0275,VMO2-ROMFORD-06,Havering,Romford,RM1 2JY,51.571427,0.187603,2026-03-18,2021-11-28,2025-12-02,2026-03-02,Active,Mains,3G|4G|5G,Panel,15.6,112,VMO2,Hybrid Fibre/Microwave,88
ANT-LDN-0276,VMO2-HARROW-06,Harrow,Harrow,HA1 6AR,51.585822,-0.344474,2026-03-18,2023-03-24,2026-02-01,2026-03-03,Degraded,Backup,4G|5G,Massive MIMO,27.5,280,VMO2,Ethernet,62
ANT-LDN-0277,VMO2-UXBRIDGE-06,Hillingdon,Uxbridge,UB8 9EF,51.5414,-0.471082,2026-03-18,2019-01-24,2026-01-12,2026-05-12,Active,Mains,3G|4G|5G,Panel,16.2,290,VMO2,Hybrid Fibre/Microwave,85
ANT-LDN-0278,VMO2-TWICKENHAM-06,Richmond upon Thames,Twickenham,TW1 2GX,51.445941,-0.335785,2026-03-18,2023-07-07,2025-11-05,2026-01-04,Active,Mains,4G|5G,Small Cell,8.0,145,VMO2,Microwave,86
ANT-LDN-0279,VMO2-KINGSTON-06,Kingston upon Thames,Kingston,KT1 3SS,51.409382,-0.297352,2026-03-18,2021-02-01,2025-12-19,2026-03-19,Active,Backup,4G|5G,Panel,30.1,328,VMO2,Ethernet,97
ANT-LDN-0280,VMO2-SURBITON-06,Kingston upon Thames,Surbiton,KT6 8OO,51.395553,-0.307237,2026-03-18,2021-01-09,2025-12-21,2026-03-21,Degraded,Mains,5G,Panel,26.0,143,VMO2,Microwave,64
ANT-LDN-0281,VMO2-HAMPSTEAD-06,Camden,Hampstead,NW3 9UA,51.560566,-0.169766,2026-03-18,2023-07-12,2025-10-12,2026-01-10,Active,Mains,3G|4G|5G,Panel,12.8,133,VMO2,Microwave,99
ANT-LDN-0282,VMO2-HIGHGATE-06,Haringey,Highgate,N6 5EO,51.577654,-0.146318,2026-03-18,2022-08-15,2025-10-30,2025-11-29,Active,Mains,4G|5G,Massive MIMO,33.9,314,VMO2,Microwave,89
ANT-LDN-0283,VMO2-FINSBURY-PARK-06,Hackney,Finsbury Park,N4 3XX,51.566628,-0.104818,2026-03-18,2022-06-04,2025-12-08,2026-01-07,Active,Mains,4G|5G,Massive MIMO,19.5,189,VMO2,Fibre,91
ANT-LDN-0284,VMO2-TOTTENHAM-06,Haringey,Tottenham,N17 1BU,51.595098,-0.056724,2026-03-18,2020-08-20,2026-02-11,2026-08-10,Active,Mains,2G|4G|5G,Small Cell,8.3,134,VMO2,Hybrid Fibre/Microwave,89
ANT-LDN-0285,VMO2-WOOD-GREEN-06,Haringey,Wood Green,N22 2QI,51.600191,-0.100837,2026-03-18,2021-03-22,2026-01-11,2026-05-11,Active,Mains,4G|5G,Microwave Dish,22.9,246,VMO2,Microwave,84
ANT-LDN-0286,VMO2-BALHAM-06,Wandsworth,Balham,SW12 4EF,51.43621,-0.149687,2026-03-18,2018-10-07,2025-12-07,2026-04-06,Active,Mains,4G,Panel,17.3,169,VMO2,Hybrid Fibre/Microwave,87
ANT-LDN-0287,VMO2-BRIXTON-06,Lambeth,Brixton,SW2 7AH,51.456382,-0.122714,2026-03-18,2017-06-26,2026-02-05,2026-06-05,Active,Backup,5G,Panel,23.8,293,VMO2,Fibre,88
ANT-LDN-0288,VMO2-PECKHAM-06,Southwark,Peckham,SE15 1XX,51.474883,-0.071585,2026-03-18,2024-06-03,2025-12-27,2026-01-26,Active,Mains,4G|5G,Massive MIMO,29.3,246,VMO2,Microwave,89
ANT-LDN-0289,VMO2-BERMONDSEY-06,Southwark,Bermondsey,SE1 3TV,51.502908,-0.05697,2026-03-18,2022-09-24,2026-01-01,2026-02-15,Degraded,Mains,3G|4G|5G,Panel,22.4,302,VMO2,Microwave,62
ANT-LDN-0290,VMO2-DEPTFORD-06,Lewisham,Deptford,SE8 9VN,51.472346,-0.031851,2026-03-18,2018-09-05,2025-10-05,2025-11-04,Active,Mains,4G|5G,Omni,25.8,272,VMO2,Fibre,100
ANT-LDN-0291,VMO2-BLACKHEATH-06,Greenwich,Blackheath,SE3 1YV,51.474934,0.007825,2026-03-18,2024-04-13,2025-11-19,2026-03-19,Active,Mains,4G|5G,Microwave Dish,31.0,219,VMO2,Hybrid Fibre/Microwave,91
ANT-LDN-0292,VMO2-ELTHAM-06,Greenwich,Eltham,SE9 2NE,51.449459,0.056997,2026-03-18,2019-11-09,2025-11-07,2025-12-22,Degraded,Backup,2G|4G|5G,Panel,25.8,278,VMO2,Ethernet,73
ANT-LDN-0293,VMO2-SIDCUP-06,Bexley,Sidcup,DA15 1MU,51.435826,0.095574,2026-03-18,2019-04-22,2025-12-19,2026-03-19,Active,Mains,4G|5G,Panel,27.0,129,VMO2,Hybrid Fibre/Microwave,92
ANT-LDN-0294,VMO2-ORPINGTON-06,Bromley,Orpington,BR6 4NR,51.381461,0.096047,2026-03-18,2025-10-16,2025-10-18,2026-01-16,Active,Mains,4G|5G,Massive MIMO,29.6,157,VMO2,Hybrid Fibre/Microwave,95
ANT-LDN-0295,VMO2-BEXLEYHEATH-06,Bexley,Bexleyheath,DA6 3DG,51.460913,0.147178,2026-03-18,2022-09-14,2025-11-27,2026-01-26,Active,Mains,3G|4G|5G,Massive MIMO,34.4,26,VMO2,Hybrid Fibre/Microwave,89
ANT-LDN-0296,VMO2-HILLINGDON-06,Hillingdon,Hillingdon,UB10 8TN,51.554074,-0.450912,2026-03-18,2017-12-28,2026-02-21,2026-04-22,Offline,Offline,4G|5G,Panel,12.9,196,VMO2,Hybrid Fibre/Microwave,29
ANT-LDN-0297,VMO2-RUISLIP-06,Hillingdon,Ruislip,HA4 3UP,51.577997,-0.421353,2026-03-18,2021-12-04,2026-03-07,2026-04-21,Active,Mains,3G|4G|5G,Omni,23.9,99,VMO2,Microwave,85
ANT-LDN-0298,VMO2-ACTON-06,Ealing,Acton,W3 3CI,51.505116,-0.259945,2026-03-18,2025-09-29,2025-11-27,2026-01-26,Active,Mains,4G,Panel,16.6,7,VMO2,Fibre,86
ANT-LDN-0299,VMO2-CHISWICK-06,Hounslow,Chiswick,W4 4TG,51.490207,-0.261074,2026-03-18,2022-02-06,2025-11-26,2026-03-26,Active,Mains,4G|5G,Panel,23.6,286,VMO2,Ethernet,86
ANT-LDN-0300,VMO2-FULHAM-06,Hammersmith and Fulham,Fulham,SW6 9ZS,51.48605,-0.185009,2026-03-18,2019-10-22,2025-11-16,2026-02-14,Active,Mains,5G,Small Cell,12.4,234,VMO2,Fibre,98
ANT-LDN-0301,VMO2-CAMDEN-07,Camden,Camden,NW1 4VW,51.528848,-0.140393,2026-03-18,2019-07-31,2025-12-19,2026-03-19,Active,Mains,2G|4G|5G,Massive MIMO,18.2,134,VMO2,Ethernet,91
ANT-LDN-0302,VMO2-VICTORIA-07,Westminster,Victoria,SW1 8KL,51.490292,-0.126641,2026-03-18,2019-06-15,2025-10-14,2025-12-13,Active,Mains,4G|5G,Small Cell,13.9,97,VMO2,Microwave,99
ANT-LDN-0303,VMO2-ANGEL-07,Islington,Angel,N1 4HT,51.544337,-0.108358,2026-03-18,2020-12-29,2026-01-29,2026-02-28,Active,Mains,4G|5G,Panel,34.0,252,VMO2,Fibre,84
ANT-LDN-0304,VMO2-DALSTON-07,Hackney,Dalston,E8 5PF,51.547051,-0.055461,2026-03-18,2025-07-28,2025-10-30,2025-12-29,Degraded,Backup,4G|5G,Small Cell,7.1,269,VMO2,Hybrid Fibre/Microwave,73
ANT-LDN-0305,VMO2-GREENWICH-07,Greenwich,Greenwich,SE10 3OD,51.482642,0.005468,2026-03-18,2024-10-31,2025-10-28,2026-01-26,Planned Maintenance,Maintenance Isolate,4G|5G,Panel,27.5,194,VMO2,Ethernet,76
ANT-LDN-0306,VMO2-HAMMERSMITH-07,Hammersmith and Fulham,Hammersmith,W6 5PT,51.487382,-0.22898,2026-03-18,2020-11-06,2025-12-06,2026-01-20,Active,Mains,5G,Panel,28.1,190,VMO2,Hybrid Fibre/Microwave,95
ANT-LDN-0307,VMO2-LEWISHAM-07,Lewisham,Lewisham,SE13 4DX,51.446414,-0.010835,2026-03-18,2020-01-11,2026-01-08,2026-05-08,Active,Mains,4G|5G,Panel,15.4,76,VMO2,Fibre,99
ANT-LDN-0308,VMO2-KENSINGTON-07,Kensington and Chelsea,Kensington,W8 9RX,51.495786,-0.185141,2026-03-18,2020-07-17,2025-11-05,2026-01-04,Active,Backup,4G|5G,Microwave Dish,16.1,50,VMO2,Fibre,89
ANT-LDN-0309,VMO2-CROYDON-07,Croydon,Croydon,CR0 8XK,51.371701,-0.097573,2026-03-18,2019-12-01,2025-12-07,2026-02-05,Active,Mains,5G,Omni,17.9,10,VMO2,Fibre,97
ANT-LDN-0310,VMO2-HOUNSLOW-07,Hounslow,Hounslow,TW3 9FY,51.469007,-0.358653,2026-03-18,2020-03-11,2025-12-09,2026-02-07,Active,Mains,4G,Massive MIMO,35.7,40,VMO2,Ethernet,96
ANT-LDN-0311,VMO2-EALING-07,Ealing,Ealing,W5 6NU,51.51986,-0.301848,2026-03-18,2023-11-14,2025-10-14,2026-01-12,Active,Mains,3G|4G|5G,Panel,15.7,116,VMO2,Ethernet,94
ANT-LDN-0312,VMO2-BARNET-07,Barnet,Barnet,EN5 8YL,51.654392,-0.201795,2026-03-18,2025-05-22,2025-10-10,2026-02-07,Active,Mains,2G|4G|5G,Panel,16.2,11,VMO2,Microwave,88
ANT-LDN-0313,VMO2-WALTHAMSTOW-07,Waltham Forest,Walthamstow,E17 2CP,51.58588,-0.021762,2026-03-18,2023-02-25,2026-02-24,2026-03-26,Active,Mains,3G|4G|5G,Massive MIMO,41.9,53,VMO2,Microwave,92
ANT-LDN-0314,VMO2-STRATFORD-07,Newham,Stratford,E15 5OU,51.538059,-0.002205,2026-03-18,2018-06-02,2026-02-04,2026-06-04,Active,Backup,3G|4G|5G,Panel,27.3,166,VMO2,Hybrid Fibre/Microwave,99
ANT-LDN-0315,VMO2-BROMLEY-07,Bromley,Bromley,BR1 9FS,51.406825,0.007537,2026-03-18,2023-09-14,2025-11-13,2026-05-12,Offline,Battery Reserve,3G|4G|5G,Microwave Dish,25.0,327,VMO2,Ethernet,40
ANT-LDN-0316,VMO2-ENFIELD-07,Enfield,Enfield,EN1 8JL,51.652774,-0.074801,2026-03-18,2021-08-16,2026-01-02,2026-02-16,Planned Maintenance,Backup,4G|5G,Panel,30.8,69,VMO2,Ethernet,12
ANT-LDN-0317,VMO2-FINCHLEY-07,Barnet,Finchley,N3 8JA,51.603492,-0.191169,2026-03-18,2025-08-04,2025-11-19,2026-01-18,Active,Mains,5G,Small Cell,10.7,96,VMO2,Hybrid Fibre/Microwave,97
ANT-LDN-0318,VMO2-TOOTING-07,Wandsworth,Tooting,SW17 7HI,51.432154,-0.165034,2026-03-18,2017-11-21,2025-11-21,2026-05-20,Active,Mains,4G|5G,Small Cell,13.7,355,VMO2,Ethernet,92
ANT-LDN-0319,VMO2-CLAPHAM-07,Lambeth,Clapham,SW4 3EJ,51.459819,-0.131277,2026-03-18,2018-03-29,2025-09-27,2025-12-26,Active,Mains,5G,Panel,26.3,96,VMO2,Fibre,94
ANT-LDN-0320,VMO2-WIMBLEDON-07,Merton,Wimbledon,SW19 5EW,51.416061,-0.214652,2026-03-18,2021-12-01,2026-03-07,2026-04-21,Active,Mains,4G|5G,Panel,17.0,215,VMO2,Hybrid Fibre/Microwave,93
ANT-LDN-0321,VMO2-RICHMOND-07,Richmond upon Thames,Richmond,TW9 2YE,51.464648,-0.313534,2026-03-18,2017-08-18,2025-12-31,2026-03-31,Offline,Battery Reserve,4G|5G,Massive MIMO,22.6,128,VMO2,Hybrid Fibre/Microwave,52
ANT-LDN-0322,VMO2-PUTNEY-07,Wandsworth,Putney,SW15 7YO,51.471768,-0.211492,2026-03-18,2019-10-10,2026-03-01,2026-04-15,Degraded,Mains,5G,Small Cell,10.4,106,VMO2,Hybrid Fibre/Microwave,75
ANT-LDN-0323,VMO2-ILFORD-07,Redbridge,Ilford,IG1 1XR,51.566416,0.066931,2026-03-18,2022-11-04,2026-02-06,2026-04-07,Active,Mains,5G,Panel,20.3,26,VMO2,Fibre,90
ANT-LDN-0324,VMO2-DAGENHAM-07,Barking and Dagenham,Dagenham,RM10 5SD,51.543317,0.158615,2026-03-18,2021-06-10,2026-01-06,2026-02-05,Active,Backup,2G|4G|5G,Massive MIMO,34.6,352,VMO2,Ethernet,88
ANT-LDN-0325,VMO2-ROMFORD-07,Havering,Romford,RM1 6YU,51.569181,0.175119,2026-03-18,2017-09-03,2026-02-22,2026-04-23,Degraded,Mains,4G,Small Cell,12.7,64,VMO2,Microwave,75
ANT-LDN-0326,VMO2-HARROW-07,Harrow,Harrow,HA1 4AW,51.583194,-0.338287,2026-03-18,2021-03-28,2025-12-08,2026-06-06,Active,Mains,4G|5G,Omni,23.2,224,VMO2,Hybrid Fibre/Microwave,93
ANT-LDN-0327,VMO2-UXBRIDGE-07,Hillingdon,Uxbridge,UB8 8IT,51.547042,-0.483303,2026-03-18,2023-03-22,2026-01-27,2026-02-26,Active,Mains,5G,Massive MIMO,37.7,277,VMO2,Hybrid Fibre/Microwave,95
ANT-LDN-0328,VMO2-TWICKENHAM-07,Richmond upon Thames,Twickenham,TW1 6YT,51.453472,-0.318658,2026-03-18,2019-09-06,2025-12-17,2026-06-15,Active,Backup,4G|5G,Omni,30.8,97,VMO2,Hybrid Fibre/Microwave,100
ANT-LDN-0329,VMO2-KINGSTON-07,Kingston upon Thames,Kingston,KT1 6DD,51.414222,-0.304425,2026-03-18,2022-11-14,2025-09-22,2025-10-22,Degraded,Mains,4G|5G,Omni,16.1,16,VMO2,Fibre,66
ANT-LDN-0330,VMO2-SURBITON-07,Kingston upon Thames,Surbiton,KT6 7VP,51.384541,-0.300723,2026-03-18,2022-11-24,2025-10-01,2026-03-30,Active,Mains,5G,Panel,17.1,36,VMO2,Microwave,84
ANT-LDN-0331,VMO2-HAMPSTEAD-07,Camden,Hampstead,NW3 6RX,51.556157,-0.175083,2026-03-18,2021-08-31,2025-12-05,2026-06-03,Active,Mains,4G|5G,Massive MIMO,30.7,36,VMO2,Fibre,93
ANT-LDN-0332,VMO2-HIGHGATE-07,Haringey,Highgate,N6 7GG,51.564221,-0.153849,2026-03-18,2022-11-26,2025-09-22,2025-11-06,Planned Maintenance,Maintenance Isolate,5G,Omni,24.8,285,VMO2,Fibre,66
ANT-LDN-0333,VMO2-FINSBURY-PARK-07,Hackney,Finsbury Park,N4 7DF,51.568466,-0.101946,2026-03-18,2019-01-09,2025-10-20,2026-01-18,Degraded,Backup,5G,Small Cell,10.5,307,VMO2,Ethernet,74
ANT-LDN-0334,VMO2-TOTTENHAM-07,Haringey,Tottenham,N17 7XK,51.602863,-0.067341,2026-03-18,2023-10-29,2026-01-07,2026-05-07,Planned Maintenance,Backup,5G,Panel,24.7,130,VMO2,Hybrid Fibre/Microwave,63
ANT-LDN-0335,VMO2-WOOD-GREEN-07,Haringey,Wood Green,N22 5TA,51.590203,-0.118972,2026-03-18,2022-10-22,2026-02-03,2026-04-04,Active,Backup,4G|5G,Omni,16.9,161,VMO2,Ethernet,84
ANT-LDN-0336,VMO2-BALHAM-07,Wandsworth,Balham,SW12 3EI,51.436503,-0.153532,2026-03-18,2021-02-12,2025-10-11,2025-11-25,Planned Maintenance,Maintenance Isolate,4G|5G,Microwave Dish,17.1,204,VMO2,Fibre,53
ANT-LDN-0337,VMO2-BRIXTON-07,Lambeth,Brixton,SW2 2TU,51.455739,-0.10876,2026-03-18,2020-05-15,2026-02-28,2026-08-27,Active,Backup,3G|4G|5G,Panel,29.9,171,VMO2,Hybrid Fibre/Microwave,95
ANT-LDN-0338,VMO2-PECKHAM-07,Southwark,Peckham,SE15 1UY,51.480886,-0.075339,2026-03-18,2024-02-03,2025-12-02,2026-01-01,Active,Mains,4G|5G,Panel,24.4,76,VMO2,Microwave,94
ANT-LDN-0339,VMO2-BERMONDSEY-07,Southwark,Bermondsey,SE1 9CH,51.505908,-0.05839,2026-03-18,2021-11-05,2025-12-25,2026-03-25,Active,Backup,4G|5G,Panel,22.9,25,VMO2,Ethernet,96
ANT-LDN-0340,VMO2-DEPTFORD-07,Lewisham,Deptford,SE8 3PR,51.483655,-0.033362,2026-03-18,2019-03-23,2025-11-05,2026-02-03,Active,Backup,4G,Panel,26.2,268,VMO2,Microwave,91
ANT-LDN-0341,VMO2-BLACKHEATH-07,Greenwich,Blackheath,SE3 2DV,51.465098,0.015907,2026-03-18,2021-08-22,2025-11-21,2026-01-20,Active,Backup,4G|5G,Panel,25.7,12,VMO2,Microwave,93
ANT-LDN-0342,VMO2-ELTHAM-07,Greenwich,Eltham,SE9 4GV,51.454094,0.04935,2026-03-18,2021-03-12,2026-01-29,2026-07-28,Offline,Battery Reserve,3G|4G|5G,Panel,13.3,317,VMO2,Microwave,59
ANT-LDN-0343,VMO2-SIDCUP-07,Bexley,Sidcup,DA15 2JO,51.426233,0.10767,2026-03-18,2022-04-14,2026-03-04,2026-05-03,Degraded,Backup,4G|5G,Massive MIMO,22.9,267,VMO2,Hybrid Fibre/Microwave,68
ANT-LDN-0344,VMO2-ORPINGTON-07,Bromley,Orpington,BR6 7SV,51.376416,0.101733,2026-03-18,2022-11-28,2026-02-26,2026-04-27,Active,Mains,4G|5G,Panel,30.2,316,VMO2,Fibre,92
ANT-LDN-0345,VMO2-BEXLEYHEATH-07,Bexley,Bexleyheath,DA6 6DA,51.449332,0.151668,2026-03-18,2020-04-13,2025-09-24,2025-12-23,Active,Mains,4G|5G,Panel,34.5,50,VMO2,Hybrid Fibre/Microwave,94
ANT-LDN-0346,VMO2-HILLINGDON-07,Hillingdon,Hillingdon,UB10 8RW,51.543569,-0.457686,2026-03-18,2017-03-30,2026-02-27,2026-04-13,Degraded,Mains,2G|4G|5G,Panel,23.3,80,VMO2,Ethernet,60
ANT-LDN-0347,VMO2-RUISLIP-07,Hillingdon,Ruislip,HA4 9IZ,51.576529,-0.42894,2026-03-18,2017-09-11,2025-09-30,2025-11-29,Active,Mains,3G|4G|5G,Omni,30.7,15,VMO2,Microwave,92
ANT-LDN-0348,VMO2-ACTON-07,Ealing,Acton,W3 7QV,51.510168,-0.271856,2026-03-18,2023-11-14,2025-09-30,2026-03-29,Active,Backup,4G|5G,Panel,15.5,159,VMO2,Hybrid Fibre/Microwave,94
ANT-LDN-0349,VMO2-CHISWICK-07,Hounslow,Chiswick,W4 4EJ,51.495392,-0.265998,2026-03-18,2024-09-21,2025-10-26,2025-12-10,Active,Mains,4G|5G,Omni,29.7,335,VMO2,Ethernet,89
ANT-LDN-0350,VMO2-FULHAM-07,Hammersmith and Fulham,Fulham,SW6 3XA,51.47553,-0.18747,2026-03-18,2025-08-02,2025-12-18,2026-03-18,Active,Mains,2G|4G|5G,Panel,29.1,326,VMO2,Microwave,92
ANT-LDN-0351,VMO2-CAMDEN-08,Camden,Camden,NW1 5TS,51.529936,-0.15315,2026-03-18,2023-11-14,2026-01-09,2026-05-09,Degraded,Mains,4G|5G,Small Cell,9.1,352,VMO2,Microwave,75
ANT-LDN-0352,VMO2-VICTORIA-08,Westminster,Victoria,SW1 7PP,51.501104,-0.138347,2026-03-18,2018-07-18,2026-01-27,2026-03-13,Active,Backup,4G|5G,Panel,34.3,138,VMO2,Microwave,97
ANT-LDN-0353,VMO2-ANGEL-08,Islington,Angel,N1 8TP,51.542382,-0.111311,2026-03-18,2024-09-18,2025-12-16,2026-03-16,Active,Mains,3G|4G|5G,Massive MIMO,36.6,311,VMO2,Ethernet,96
ANT-LDN-0354,VMO2-DALSTON-08,Hackney,Dalston,E8 1HQ,51.545351,-0.056316,2026-03-18,2023-01-13,2025-11-28,2026-05-27,Active,Mains,4G|5G,Panel,29.6,25,VMO2,Ethernet,90
ANT-LDN-0355,VMO2-GREENWICH-08,Greenwich,Greenwich,SE10 3NJ,51.487253,0.003204,2026-03-18,2023-11-17,2026-02-24,2026-08-23,Active,Mains,5G,Panel,31.1,231,VMO2,Fibre,86
ANT-LDN-0356,VMO2-HAMMERSMITH-08,Hammersmith and Fulham,Hammersmith,W6 1FO,51.490882,-0.227707,2026-03-18,2023-08-15,2026-01-17,2026-04-17,Active,Mains,4G|5G,Panel,26.9,83,VMO2,Fibre,87
ANT-LDN-0357,VMO2-LEWISHAM-08,Lewisham,Lewisham,SE13 7XZ,51.447479,-0.029609,2026-03-18,2022-09-27,2025-10-04,2025-11-18,Active,Backup,4G|5G,Panel,29.7,171,VMO2,Microwave,88
ANT-LDN-0358,VMO2-KENSINGTON-08,Kensington and Chelsea,Kensington,W8 5JX,51.506576,-0.202822,2026-03-18,2025-08-15,2025-11-15,2026-01-14,Degraded,Mains,4G,Panel,15.0,103,VMO2,Ethernet,60
ANT-LDN-0359,VMO2-CROYDON-08,Croydon,Croydon,CR0 1TP,51.378142,-0.099386,2026-03-18,2019-09-02,2026-01-13,2026-05-13,Active,Backup,4G,Massive MIMO,28.6,307,VMO2,Microwave,84
ANT-LDN-0360,VMO2-HOUNSLOW-08,Hounslow,Hounslow,TW3 4BF,51.469736,-0.360591,2026-03-18,2018-08-31,2026-02-23,2026-08-22,Planned Maintenance,Backup,4G|5G,Panel,12.7,295,VMO2,Ethernet,59
ANT-LDN-0361,VMO2-EALING-08,Ealing,Ealing,W5 3VJ,51.506951,-0.294432,2026-03-18,2023-11-09,2025-09-21,2026-03-20,Planned Maintenance,Maintenance Isolate,4G,Massive MIMO,31.5,233,VMO2,Fibre,63
ANT-LDN-0362,VMO2-BARNET-08,Barnet,Barnet,EN5 2YN,51.649588,-0.191252,2026-03-18,2023-03-05,2026-02-21,2026-04-22,Active,Mains,5G,Panel,31.8,168,VMO2,Hybrid Fibre/Microwave,100
ANT-LDN-0363,VMO2-WALTHAMSTOW-08,Waltham Forest,Walthamstow,E17 9CP,51.592705,-0.027805,2026-03-18,2025-02-13,2025-10-06,2026-04-04,Active,Mains,4G|5G,Massive MIMO,25.6,269,VMO2,Microwave,95
ANT-LDN-0364,VMO2-STRATFORD-08,Newham,Stratford,E15 8ZF,51.541635,0.005869,2026-03-18,2023-11-02,2026-01-09,2026-07-08,Active,Backup,4G|5G,Panel,14.7,238,VMO2,Microwave,87
ANT-LDN-0365,VMO2-BROMLEY-08,Bromley,Bromley,BR1 9ZU,51.404539,0.01171,2026-03-18,2019-05-20,2026-03-07,2026-09-03,Degraded,Backup,4G|5G,Panel,30.2,157,VMO2,Ethernet,69
ANT-LDN-0366,VMO2-ENFIELD-08,Enfield,Enfield,EN1 1FG,51.655259,-0.084531,2026-03-18,2020-09-15,2025-12-13,2026-06-11,Degraded,Mains,5G,Massive MIMO,18.9,69,VMO2,Microwave,75
ANT-LDN-0367,VMO2-FINCHLEY-08,Barnet,Finchley,N3 1QJ,51.599662,-0.184403,2026-03-18,2023-05-04,2025-09-17,2025-11-16,Active,Mains,5G,Panel,25.3,169,VMO2,Fibre,95
ANT-LDN-0368,VMO2-TOOTING-08,Wandsworth,Tooting,SW17 7UR,51.434293,-0.171478,2026-03-18,2018-11-11,2025-10-14,2026-02-11,Offline,Battery Reserve,4G|5G,Massive MIMO,38.8,157,VMO2,Ethernet,45
ANT-LDN-0369,VMO2-CLAPHAM-08,Lambeth,Clapham,SW4 4LO,51.459836,-0.138762,2026-03-18,2020-05-24,2026-01-13,2026-05-13,Active,Mains,4G|5G,Panel,30.1,103,VMO2,Hybrid Fibre/Microwave,86
ANT-LDN-0370,VMO2-WIMBLEDON-08,Merton,Wimbledon,SW19 6PX,51.428284,-0.213564,2026-03-18,2022-11-15,2025-12-20,2026-02-18,Active,Backup,4G|5G,Microwave Dish,33.9,264,VMO2,Microwave,88
ANT-LDN-0371,VMO2-RICHMOND-08,Richmond upon Thames,Richmond,TW9 2AJ,51.459389,-0.296039,2026-03-18,2017-06-30,2025-09-15,2026-01-13,Active,Backup,3G|4G|5G,Panel,32.5,52,VMO2,Ethernet,100
ANT-LDN-0372,VMO2-PUTNEY-08,Wandsworth,Putney,SW15 4GJ,51.46606,-0.222093,2026-03-18,2020-02-08,2025-10-24,2025-12-23,Active,Mains,3G|4G|5G,Small Cell,8.3,80,VMO2,Fibre,92
ANT-LDN-0373,VMO2-ILFORD-08,Redbridge,Ilford,IG1 6IE,51.554012,0.070957,2026-03-18,2024-11-25,2025-12-27,2026-04-26,Active,Mains,4G|5G,Panel,26.1,173,VMO2,Fibre,98
ANT-LDN-0374,VMO2-DAGENHAM-08,Barking and Dagenham,Dagenham,RM10 7BC,51.553156,0.15616,2026-03-18,2021-10-13,2025-11-29,2026-01-13,Active,Backup,4G,Omni,26.5,353,VMO2,Ethernet,98
ANT-LDN-0375,VMO2-ROMFORD-08,Havering,Romford,RM1 9CY,51.578619,0.187288,2026-03-18,2025-07-29,2025-11-10,2026-03-10,Active,Mains,4G|5G,Microwave Dish,36.2,239,VMO2,Hybrid Fibre/Microwave,87
ANT-LDN-0376,VMO2-HARROW-08,Harrow,Harrow,HA1 3TI,51.577499,-0.327604,2026-03-18,2021-01-28,2025-11-29,2026-01-13,Active,Backup,4G,Small Cell,12.7,166,VMO2,Hybrid Fibre/Microwave,98
ANT-LDN-0377,VMO2-UXBRIDGE-08,Hillingdon,Uxbridge,UB8 3JY,51.539719,-0.480048,2026-03-18,2020-11-28,2025-10-06,2026-02-03,Active,Backup,4G|5G,Panel,30.8,54,VMO2,Fibre,94
ANT-LDN-0378,VMO2-TWICKENHAM-08,Richmond upon Thames,Twickenham,TW1 4RF,51.447814,-0.328518,2026-03-18,2022-05-30,2025-12-01,2025-12-31,Degraded,Backup,4G|5G,Microwave Dish,28.6,222,VMO2,Ethernet,78
ANT-LDN-0379,VMO2-KINGSTON-08,Kingston upon Thames,Kingston,KT1 8DS,51.406742,-0.297138,2026-03-18,2023-09-08,2025-11-11,2026-01-10,Active,Mains,5G,Microwave Dish,19.1,207,VMO2,Fibre,86
ANT-LDN-0380,VMO2-SURBITON-08,Kingston upon Thames,Surbiton,KT6 1CG,51.389566,-0.300655,2026-03-18,2018-07-24,2025-10-12,2026-04-10,Active,Backup,3G|4G|5G,Small Cell,11.6,231,VMO2,Hybrid Fibre/Microwave,93
ANT-LDN-0381,VMO2-HAMPSTEAD-08,Camden,Hampstead,NW3 6JS,51.551526,-0.174188,2026-03-18,2024-08-15,2025-12-22,2026-03-22,Active,Backup,4G,Omni,34.8,298,VMO2,Hybrid Fibre/Microwave,84
ANT-LDN-0382,VMO2-HIGHGATE-08,Haringey,Highgate,N6 1AW,51.563561,-0.139777,2026-03-18,2023-04-13,2025-12-08,2026-01-07,Degraded,Backup,3G|4G|5G,Microwave Dish,20.4,359,VMO2,Hybrid Fibre/Microwave,78
ANT-LDN-0383,VMO2-FINSBURY-PARK-08,Hackney,Finsbury Park,N4 4VF,51.563903,-0.107561,2026-03-18,2022-04-30,2026-02-02,2026-03-19,Active,Backup,5G,Microwave Dish,23.3,213,VMO2,Ethernet,88
ANT-LDN-0384,VMO2-TOTTENHAM-08,Haringey,Tottenham,N17 1EX,51.590783,-0.074493,2026-03-18,2022-06-17,2025-09-22,2025-12-21,Offline,Offline,2G|4G|5G,Panel,15.2,212,VMO2,Hybrid Fibre/Microwave,41
ANT-LDN-0385,VMO2-WOOD-GREEN-08,Haringey,Wood Green,N22 7RO,51.600795,-0.110158,2026-03-18,2021-04-25,2025-12-09,2026-01-23,Planned Maintenance,Backup,4G|5G,Massive MIMO,31.9,121,VMO2,Ethernet,72
ANT-LDN-0386,VMO2-BALHAM-08,Wandsworth,Balham,SW12 8WL,51.435469,-0.162405,2026-03-18,2018-04-09,2025-10-12,2026-01-10,Active,Mains,2G|4G|5G,Panel,28.8,269,VMO2,Hybrid Fibre/Microwave,92
ANT-LDN-0387,VMO2-BRIXTON-08,Lambeth,Brixton,SW2 2VU,51.456969,-0.112856,2026-03-18,2023-01-18,2025-10-12,2025-12-11,Active,Mains,5G,Omni,24.3,5,VMO2,Hybrid Fibre/Microwave,99
ANT-LDN-0388,VMO2-PECKHAM-08,Southwark,Peckham,SE15 6ZJ,51.475857,-0.073138,2026-03-18,2020-03-30,2026-01-26,2026-02-25,Active,Backup,4G,Massive MIMO,25.3,288,VMO2,Fibre,92
ANT-LDN-0389,VMO2-BERMONDSEY-08,Southwark,Bermondsey,SE1 5ZX,51.499139,-0.060417,2026-03-18,2024-01-02,2026-03-03,2026-05-02,Active,Mains,5G,Panel,13.8,142,VMO2,Microwave,92
ANT-LDN-0390,VMO2-DEPTFORD-08,Lewisham,Deptford,SE8 2TF,51.485084,-0.035802,2026-03-18,2023-08-21,2026-01-30,2026-07-29,Active,Mains,5G,Microwave Dish,21.0,358,VMO2,Hybrid Fibre/Microwave,91
ANT-LDN-0391,VMO2-BLACKHEATH-08,Greenwich,Blackheath,SE3 3TE,51.465428,-0.001728,2026-03-18,2022-07-25,2025-11-24,2026-02-22,Active,Mains,4G|5G,Massive MIMO,33.3,107,VMO2,Fibre,95
ANT-LDN-0392,VMO2-ELTHAM-08,Greenwich,Eltham,SE9 8JP,51.444393,0.049844,2026-03-18,2025-05-15,2025-10-24,2025-12-08,Active,Mains,4G|5G,Small Cell,10.0,74,VMO2,Hybrid Fibre/Microwave,100
ANT-LDN-0393,VMO2-SIDCUP-08,Bexley,Sidcup,DA15 9VB,51.432494,0.099729,2026-03-18,2018-02-03,2025-10-24,2026-04-22,Active,Backup,4G|5G,Microwave Dish,29.0,333,VMO2,Ethernet,92
ANT-LDN-0394,VMO2-ORPINGTON-08,Bromley,Orpington,BR6 8YV,51.368941,0.099968,2026-03-18,2025-05-27,2026-01-07,2026-07-06,Active,Mains,4G,Small Cell,10.4,346,VMO2,Ethernet,89
ANT-LDN-0395,VMO2-BEXLEYHEATH-08,Bexley,Bexleyheath,DA6 2QD,51.462339,0.138051,2026-03-18,2024-09-08,2025-11-15,2026-01-14,Active,Mains,4G|5G,Panel,16.4,12,VMO2,Fibre,86
ANT-LDN-0396,VMO2-HILLINGDON-08,Hillingdon,Hillingdon,UB10 2CT,51.556558,-0.4548,2026-03-18,2018-06-17,2025-12-03,2026-06-01,Planned Maintenance,Maintenance Isolate,3G|4G|5G,Small Cell,12.8,94,VMO2,Microwave,47
ANT-LDN-0397,VMO2-RUISLIP-08,Hillingdon,Ruislip,HA4 8IY,51.577128,-0.43231,2026-03-18,2021-10-15,2025-09-20,2025-11-19,Active,Backup,4G|5G,Small Cell,8.4,31,VMO2,Hybrid Fibre/Microwave,96
ANT-LDN-0398,VMO2-ACTON-08,Ealing,Acton,W3 3OC,51.50339,-0.256631,2026-03-18,2022-07-08,2026-01-17,2026-05-17,Active,Mains,4G|5G,Small Cell,6.9,276,VMO2,Microwave,97
ANT-LDN-0399,VMO2-CHISWICK-08,Hounslow,Chiswick,W4 2BC,51.499814,-0.263177,2026-03-18,2017-10-16,2025-10-14,2026-04-12,Active,Mains,4G|5G,Massive MIMO,39.5,76,VMO2,Fibre,84
ANT-LDN-0400,VMO2-FULHAM-08,Hammersmith and Fulham,Fulham,SW6 7SA,51.474977,-0.198174,2026-03-18,2022-10-13,2025-11-04,2026-02-02,Active,Mains,4G|5G,Microwave Dish,33.0,35,VMO2,Fibre,91
ANT-LDN-0401,VMO2-CAMDEN-09,Camden,Camden,NW1 6KV,51.52976,-0.142459,2026-03-18,2020-05-25,2025-11-27,2025-12-27,Active,Backup,4G,Omni,14.1,273,VMO2,Fibre,94
ANT-LDN-0402,VMO2-VICTORIA-09,Westminster,Victoria,SW1 1MV,51.500012,-0.142491,2026-03-18,2019-02-22,2025-12-23,2026-06-21,Degraded,Backup,4G|5G,Panel,27.8,249,VMO2,Hybrid Fibre/Microwave,62
ANT-LDN-0403,VMO2-ANGEL-09,Islington,Angel,N1 4PM,51.530107,-0.112167,2026-03-18,2017-09-16,2025-10-22,2026-04-20,Active,Mains,4G|5G,Massive MIMO,38.0,230,VMO2,Fibre,84
ANT-LDN-0404,VMO2-DALSTON-09,Hackney,Dalston,E8 2GZ,51.549892,-0.064901,2026-03-18,2024-05-02,2025-09-20,2026-01-18,Active,Mains,5G,Small Cell,13.4,76,VMO2,Fibre,91
ANT-LDN-0405,VMO2-GREENWICH-09,Greenwich,Greenwich,SE10 1HW,51.482411,-0.0024,2026-03-18,2024-04-11,2026-02-04,2026-03-06,Active,Mains,4G|5G,Panel,19.1,49,VMO2,Microwave,98
ANT-LDN-0406,VMO2-HAMMERSMITH-09,Hammersmith and Fulham,Hammersmith,W6 8TZ,51.498103,-0.232267,2026-03-18,2023-11-27,2026-01-12,2026-02-11,Degraded,Mains,3G|4G|5G,Massive MIMO,37.5,347,VMO2,Ethernet,72
ANT-LDN-0407,VMO2-LEWISHAM-09,Lewisham,Lewisham,SE13 4YB,51.442167,-0.011141,2026-03-18,2023-08-27,2026-01-24,2026-03-25,Active,Mains,4G|5G,Panel,29.4,86,VMO2,Microwave,95
ANT-LDN-0408,VMO2-KENSINGTON-09,Kensington and Chelsea,Kensington,W8 7YF,51.495767,-0.187288,2026-03-18,2017-03-06,2025-11-05,2025-12-05,Active,Mains,4G|5G,Panel,14.1,333,VMO2,Hybrid Fibre/Microwave,93
ANT-LDN-0409,VMO2-CROYDON-09,Croydon,Croydon,CR0 5QO,51.37537,-0.106471,2026-03-18,2021-08-15,2026-01-07,2026-02-21,Active,Backup,5G,Panel,16.1,255,VMO2,Ethernet,86
ANT-LDN-0410,VMO2-HOUNSLOW-09,Hounslow,Hounslow,TW3 9DT,51.468681,-0.36827,2026-03-18,2021-01-22,2025-10-22,2026-02-19,Active,Mains,4G|5G,Small Cell,11.6,141,VMO2,Microwave,85
ANT-LDN-0411,VMO2-EALING-09,Ealing,Ealing,W5 8PF,51.516749,-0.29496,2026-03-18,2018-10-17,2025-09-19,2025-10-19,Active,Mains,4G|5G,Panel,16.8,128,VMO2,Hybrid Fibre/Microwave,94
ANT-LDN-0412,VMO2-BARNET-09,Barnet,Barnet,EN5 1PQ,51.659823,-0.206406,2026-03-18,2018-04-21,2026-02-19,2026-04-05,Active,Mains,3G|4G|5G,Massive MIMO,25.8,101,VMO2,Microwave,94
ANT-LDN-0413,VMO2-WALTHAMSTOW-09,Waltham Forest,Walthamstow,E17 7GM,51.586172,-0.025121,2026-03-18,2019-06-23,2026-02-19,2026-05-20,Degraded,Backup,5G,Panel,22.0,110,VMO2,Hybrid Fibre/Microwave,79
ANT-LDN-0414,VMO2-STRATFORD-09,Newham,Stratford,E15 6IG,51.535119,0.007716,2026-03-18,2020-10-07,2026-02-05,2026-03-07,Active,Mains,4G,Panel,15.1,238,VMO2,Hybrid Fibre/Microwave,98
ANT-LDN-0415,VMO2-BROMLEY-09,Bromley,Bromley,BR1 3ZZ,51.401238,0.010898,2026-03-18,2024-02-27,2025-10-04,2025-11-18,Active,Mains,5G,Massive MIMO,23.5,210,VMO2,Hybrid Fibre/Microwave,100
ANT-LDN-0416,VMO2-ENFIELD-09,Enfield,Enfield,EN1 5AX,51.653657,-0.074123,2026-03-18,2021-10-20,2026-01-05,2026-02-19,Degraded,Mains,4G|5G,Massive MIMO,39.4,302,VMO2,Fibre,64
ANT-LDN-0417,VMO2-FINCHLEY-09,Barnet,Finchley,N3 9BN,51.592481,-0.191616,2026-03-18,2022-12-16,2025-11-29,2026-02-27,Active,Mains,3G|4G|5G,Small Cell,6.8,253,VMO2,Fibre,91
ANT-LDN-0418,VMO2-TOOTING-09,Wandsworth,Tooting,SW17 4EL,51.431784,-0.170061,2026-03-18,2020-04-26,2026-01-07,2026-07-06,Active,Mains,2G|4G|5G,Panel,27.4,82,VMO2,Fibre,98
ANT-LDN-0419,VMO2-CLAPHAM-09,Lambeth,Clapham,SW4 7FZ,51.465921,-0.130842,2026-03-18,2021-02-26,2025-09-30,2025-12-29,Offline,Battery Reserve,4G,Panel,26.4,197,VMO2,Ethernet,51
ANT-LDN-0420,VMO2-WIMBLEDON-09,Merton,Wimbledon,SW19 9SZ,51.42014,-0.211134,2026-03-18,2019-04-29,2025-09-15,2025-10-15,Active,Mains,4G,Panel,33.4,263,VMO2,Fibre,95
ANT-LDN-0421,VMO2-RICHMOND-09,Richmond upon Thames,Richmond,TW9 6FU,51.460711,-0.313342,2026-03-18,2023-04-08,2026-02-20,2026-06-20,Active,Mains,4G,Panel,34.6,122,VMO2,Hybrid Fibre/Microwave,87
ANT-LDN-0422,VMO2-PUTNEY-09,Wandsworth,Putney,SW15 6LI,51.468004,-0.210521,2026-03-18,2022-08-25,2025-09-16,2025-12-15,Active,Mains,4G|5G,Panel,19.9,248,VMO2,Fibre,100
ANT-LDN-0423,VMO2-ILFORD-09,Redbridge,Ilford,IG1 2GO,51.558184,0.071331,2026-03-18,2017-12-24,2026-02-17,2026-05-18,Active,Mains,3G|4G|5G,Panel,34.0,55,VMO2,Ethernet,89
ANT-LDN-0424,VMO2-DAGENHAM-09,Barking and Dagenham,Dagenham,RM10 9UA,51.546238,0.173475,2026-03-18,2020-04-15,2025-11-23,2026-05-22,Active,Mains,5G,Panel,20.0,227,VMO2,Ethernet,84
ANT-LDN-0425,VMO2-ROMFORD-09,Havering,Romford,RM1 9UK,51.58132,0.178079,2026-03-18,2021-08-14,2025-10-12,2025-12-11,Active,Mains,4G,Small Cell,10.1,340,VMO2,Hybrid Fibre/Microwave,100
ANT-LDN-0426,VMO2-HARROW-09,Harrow,Harrow,HA1 5HP,51.584771,-0.341064,2026-03-18,2021-03-04,2025-12-26,2026-01-25,Active,Mains,4G|5G,Panel,34.0,316,VMO2,Ethernet,89
ANT-LDN-0427,VMO2-UXBRIDGE-09,Hillingdon,Uxbridge,UB8 3FH,51.552069,-0.47555,2026-03-18,2018-04-24,2026-02-27,2026-04-28,Active,Mains,5G,Massive MIMO,26.9,105,VMO2,Ethernet,85
ANT-LDN-0428,VMO2-TWICKENHAM-09,Richmond upon Thames,Twickenham,TW1 3RJ,51.44734,-0.325863,2026-03-18,2018-05-13,2026-03-03,2026-06-01,Offline,Offline,2G|4G|5G,Small Cell,14.1,163,VMO2,Fibre,21
ANT-LDN-0429,VMO2-KINGSTON-09,Kingston upon Thames,Kingston,KT1 5YS,51.414803,-0.304993,2026-03-18,2024-06-24,2026-01-31,2026-05-31,Offline,Battery Reserve,3G|4G|5G,Omni,19.8,57,VMO2,Hybrid Fibre/Microwave,41
ANT-LDN-0430,VMO2-SURBITON-09,Kingston upon Thames,Surbiton,KT6 1MT,51.395526,-0.311746,2026-03-18,2019-06-22,2025-11-15,2026-01-14,Planned Maintenance,Maintenance Isolate,4G|5G,Panel,26.8,298,VMO2,Microwave,73
ANT-LDN-0431,VMO2-HAMPSTEAD-09,Camden,Hampstead,NW3 8VV,51.551527,-0.186745,2026-03-18,2017-12-24,2025-10-29,2026-01-27,Degraded,Backup,4G|5G,Panel,25.9,28,VMO2,Ethernet,81
ANT-LDN-0432,VMO2-HIGHGATE-09,Haringey,Highgate,N6 5LL,51.568784,-0.150871,2026-03-18,2020-06-15,2025-11-15,2026-03-15,Active,Backup,4G|5G,Small Cell,9.8,212,VMO2,Ethernet,98
ANT-LDN-0433,VMO2-FINSBURY-PARK-09,Hackney,Finsbury Park,N4 2EG,51.569386,-0.108002,2026-03-18,2020-05-27,2025-11-08,2026-03-08,Active,Backup,2G|4G|5G,Panel,34.1,192,VMO2,Fibre,86
ANT-LDN-0434,VMO2-TOTTENHAM-09,Haringey,Tottenham,N17 3GF,51.595547,-0.064328,2026-03-18,2021-04-13,2025-12-25,2026-04-24,Active,Mains,5G,Microwave Dish,21.9,299,VMO2,Hybrid Fibre/Microwave,93
ANT-LDN-0435,VMO2-WOOD-GREEN-09,Haringey,Wood Green,N22 3IJ,51.594017,-0.103084,2026-03-18,2024-03-08,2025-09-28,2025-12-27,Active,Backup,4G|5G,Small Cell,8.4,91,VMO2,Microwave,99
ANT-LDN-0436,VMO2-BALHAM-09,Wandsworth,Balham,SW12 6SP,51.443282,-0.142817,2026-03-18,2023-05-06,2025-11-18,2026-01-17,Active,Mains,4G,Massive MIMO,34.7,61,VMO2,Fibre,95
ANT-LDN-0437,VMO2-BRIXTON-09,Lambeth,Brixton,SW2 8WE,51.462688,-0.123031,2026-03-18,2021-01-03,2026-01-27,2026-02-26,Degraded,Mains,4G|5G,Panel,33.0,182,VMO2,Ethernet,61
ANT-LDN-0438,VMO2-PECKHAM-09,Southwark,Peckham,SE15 3YD,51.474836,-0.064005,2026-03-18,2023-09-19,2026-01-26,2026-05-26,Active,Mains,4G|5G,Panel,31.4,154,VMO2,Ethernet,92
ANT-LDN-0439,VMO2-BERMONDSEY-09,Southwark,Bermondsey,SE1 9JL,51.503396,-0.073929,2026-03-18,2025-09-25,2025-11-05,2026-02-03,Active,Mains,4G|5G,Omni,14.4,79,VMO2,Microwave,100
ANT-LDN-0440,VMO2-DEPTFORD-09,Lewisham,Deptford,SE8 2EA,51.477595,-0.016863,2026-03-18,2022-05-19,2025-12-10,2026-02-08,Degraded,Mains,4G,Panel,22.2,305,VMO2,Ethernet,76
ANT-LDN-0441,VMO2-BLACKHEATH-09,Greenwich,Blackheath,SE3 4EW,51.460089,0.013606,2026-03-18,2018-08-07,2026-01-10,2026-03-11,Active,Mains,4G|5G,Panel,13.8,353,VMO2,Fibre,87
ANT-LDN-0442,VMO2-ELTHAM-09,Greenwich,Eltham,SE9 2BZ,51.456375,0.040993,2026-03-18,2024-05-26,2025-10-29,2026-02-26,Active,Backup,4G|5G,Panel,17.8,33,VMO2,Fibre,93
ANT-LDN-0443,VMO2-SIDCUP-09,Bexley,Sidcup,DA15 4FV,51.441642,0.097413,2026-03-18,2020-12-10,2026-03-02,2026-04-01,Active,Mains,4G|5G,Small Cell,8.4,296,VMO2,Ethernet,95
ANT-LDN-0444,VMO2-ORPINGTON-09,Bromley,Orpington,BR6 1QG,51.373183,0.089135,2026-03-18,2025-01-10,2026-01-19,2026-03-20,Active,Mains,4G|5G,Small Cell,6.0,50,VMO2,Hybrid Fibre/Microwave,90
ANT-LDN-0445,VMO2-BEXLEYHEATH-09,Bexley,Bexleyheath,DA6 3LM,51.455674,0.157913,2026-03-18,2021-10-04,2026-01-14,2026-05-14,Active,Mains,4G|5G,Panel,34.6,63,VMO2,Fibre,98
ANT-LDN-0446,VMO2-HILLINGDON-09,Hillingdon,Hillingdon,UB10 9XB,51.553359,-0.453401,2026-03-18,2017-12-03,2025-12-16,2026-03-16,Active,Backup,4G|5G,Panel,25.8,159,VMO2,Microwave,98
ANT-LDN-0447,VMO2-RUISLIP-09,Hillingdon,Ruislip,HA4 2ZP,51.582644,-0.424913,2026-03-18,2024-08-13,2025-12-05,2026-01-19,Active,Mains,4G|5G,Small Cell,11.7,202,VMO2,Fibre,98
ANT-LDN-0448,VMO2-ACTON-09,Ealing,Acton,W3 2XF,51.505811,-0.261298,2026-03-18,2017-09-23,2025-12-06,2026-01-20,Active,Backup,4G|5G,Massive MIMO,41.8,62,VMO2,Hybrid Fibre/Microwave,91
ANT-LDN-0449,VMO2-CHISWICK-09,Hounslow,Chiswick,W4 5YZ,51.497302,-0.262115,2026-03-18,2024-03-22,2025-11-27,2026-01-26,Active,Mains,5G,Massive MIMO,27.7,248,VMO2,Ethernet,100
ANT-LDN-0450,VMO2-FULHAM-09,Hammersmith and Fulham,Fulham,SW6 8HU,51.474237,-0.199836,2026-03-18,2018-07-06,2026-03-02,2026-04-01,Active,Backup,3G|4G|5G,Microwave Dish,26.5,13,VMO2,Hybrid Fibre/Microwave,89
ANT-LDN-0451,VMO2-CAMDEN-10,Camden,Camden,NW1 2YC,51.530297,-0.140639,2026-03-18,2024-05-31,2025-10-27,2026-01-25,Active,Mains,3G|4G|5G,Panel,27.2,251,VMO2,Ethernet,100
ANT-LDN-0452,VMO2-VICTORIA-10,Westminster,Victoria,SW1 7DM,51.505194,-0.145536,2026-03-18,2022-01-18,2025-12-19,2026-03-19,Active,Mains,5G,Panel,16.1,337,VMO2,Microwave,93
ANT-LDN-0453,VMO2-ANGEL-10,Islington,Angel,N1 2SV,51.534812,-0.104529,2026-03-18,2022-07-03,2025-09-22,2026-01-20,Active,Mains,4G,Massive MIMO,29.4,80,VMO2,Fibre,100
ANT-LDN-0454,VMO2-DALSTON-10,Hackney,Dalston,E8 6YJ,51.546548,-0.057866,2026-03-18,2020-08-05,2026-02-22,2026-03-24,Active,Backup,5G,Panel,20.4,298,VMO2,Ethernet,84
ANT-LDN-0455,VMO2-GREENWICH-10,Greenwich,Greenwich,SE10 6BV,51.479967,0.004705,2026-03-18,2019-09-28,2026-01-05,2026-02-19,Active,Backup,4G,Massive MIMO,39.8,33,VMO2,Fibre,93
ANT-LDN-0456,VMO2-HAMMERSMITH-10,Hammersmith and Fulham,Hammersmith,W6 7SQ,51.493353,-0.233715,2026-03-18,2021-09-22,2025-12-31,2026-01-30,Active,Mains,4G,Massive MIMO,41.7,193,VMO2,Ethernet,96
ANT-LDN-0457,VMO2-LEWISHAM-10,Lewisham,Lewisham,SE13 6PQ,51.438401,-0.017223,2026-03-18,2025-07-31,2025-09-20,2025-11-19,Active,Backup,4G|5G,Panel,34.3,103,VMO2,Fibre,99
ANT-LDN-0458,VMO2-KENSINGTON-10,Kensington and Chelsea,Kensington,W8 7ZH,51.498385,-0.202902,2026-03-18,2024-01-03,2026-02-14,2026-08-13,Degraded,Mains,3G|4G|5G,Panel,19.7,34,VMO2,Hybrid Fibre/Microwave,78
ANT-LDN-0459,VMO2-CROYDON-10,Croydon,Croydon,CR0 5QZ,51.377126,-0.097118,2026-03-18,2020-05-13,2025-11-19,2026-05-18,Active,Mains,5G,Panel,21.3,319,VMO2,Hybrid Fibre/Microwave,100
ANT-LDN-0460,VMO2-HOUNSLOW-10,Hounslow,Hounslow,TW3 9FS,51.474175,-0.359115,2026-03-18,2022-08-07,2026-01-14,2026-07-13,Active,Mains,2G|4G|5G,Small Cell,10.0,326,VMO2,Fibre,97
ANT-LDN-0461,VMO2-EALING-10,Ealing,Ealing,W5 5NN,51.512962,-0.310252,2026-03-18,2020-07-29,2026-02-21,2026-08-20,Active,Mains,4G|5G,Panel,30.9,330,VMO2,Ethernet,89
ANT-LDN-0462,VMO2-BARNET-10,Barnet,Barnet,EN5 4AH,51.651,-0.207715,2026-03-18,2020-06-25,2025-11-11,2026-02-09,Active,Mains,5G,Massive MIMO,33.5,18,VMO2,Microwave,90
ANT-LDN-0463,VMO2-WALTHAMSTOW-10,Waltham Forest,Walthamstow,E17 9FU,51.586693,-0.013226,2026-03-18,2017-06-22,2025-11-05,2025-12-05,Active,Mains,4G|5G,Omni,19.2,152,VMO2,Hybrid Fibre/Microwave,86
ANT-LDN-0464,VMO2-STRATFORD-10,Newham,Stratford,E15 3HD,51.539547,0.010236,2026-03-18,2023-05-28,2025-11-01,2025-12-01,Planned Maintenance,Maintenance Isolate,5G,Microwave Dish,36.8,268,VMO2,Hybrid Fibre/Microwave,59
ANT-LDN-0465,VMO2-BROMLEY-10,Bromley,Bromley,BR1 6KS,51.407697,0.020937,2026-03-18,2025-04-08,2025-11-30,2026-05-29,Planned Maintenance,Maintenance Isolate,3G|4G|5G,Omni,17.0,54,VMO2,Microwave,31
ANT-LDN-0466,VMO2-ENFIELD-10,Enfield,Enfield,EN1 1PR,51.650542,-0.073579,2026-03-18,2021-03-15,2026-02-09,2026-04-10,Offline,Battery Reserve,5G,Massive MIMO,23.9,142,VMO2,Microwave,51
ANT-LDN-0467,VMO2-FINCHLEY-10,Barnet,Finchley,N3 1XV,51.605763,-0.201057,2026-03-18,2017-08-12,2025-09-19,2025-11-03,Active,Mains,4G|5G,Panel,26.7,358,VMO2,Fibre,95
ANT-LDN-0468,VMO2-TOOTING-10,Wandsworth,Tooting,SW17 7IJ,51.43458,-0.170442,2026-03-18,2018-01-05,2026-01-08,2026-03-09,Active,Mains,4G|5G,Omni,33.1,323,VMO2,Hybrid Fibre/Microwave,94
ANT-LDN-0469,VMO2-CLAPHAM-10,Lambeth,Clapham,SW4 8PX,51.46753,-0.131913,2026-03-18,2021-08-19,2025-12-14,2026-06-12,Degraded,Backup,4G|5G,Omni,14.3,82,VMO2,Ethernet,82
ANT-LDN-0470,VMO2-WIMBLEDON-10,Merton,Wimbledon,SW19 9XK,51.420055,-0.201486,2026-03-18,2022-01-31,2026-03-02,2026-04-01,Active,Mains,4G,Panel,22.2,328,VMO2,Fibre,88
ANT-LDN-0471,VMO2-RICHMOND-10,Richmond upon Thames,Richmond,TW9 3HQ,51.458133,-0.312473,2026-03-18,2025-01-01,2025-09-24,2025-11-08,Active,Mains,3G|4G|5G,Small Cell,12.7,163,VMO2,Hybrid Fibre/Microwave,98
ANT-LDN-0472,VMO2-PUTNEY-10,Wandsworth,Putney,SW15 6ZJ,51.459632,-0.212063,2026-03-18,2019-03-25,2026-02-16,2026-05-17,Degraded,Mains,4G|5G,Panel,20.7,292,VMO2,Fibre,67
ANT-LDN-0473,VMO2-ILFORD-10,Redbridge,Ilford,IG1 4IW,51.565916,0.084057,2026-03-18,2018-11-23,2026-02-25,2026-05-26,Planned Maintenance,Maintenance Isolate,5G,Massive MIMO,21.6,188,VMO2,Fibre,50
ANT-LDN-0474,VMO2-DAGENHAM-10,Barking and Dagenham,Dagenham,RM10 8DH,51.550947,0.174594,2026-03-18,2025-01-01,2026-01-16,2026-03-02,Active,Backup,2G|4G|5G,Microwave Dish,21.1,253,VMO2,Microwave,96
ANT-LDN-0475,VMO2-ROMFORD-10,Havering,Romford,RM1 5XV,51.576701,0.194099,2026-03-18,2019-02-15,2025-11-22,2026-01-06,Active,Mains,4G|5G,Panel,18.7,134,VMO2,Hybrid Fibre/Microwave,91
ANT-LDN-0476,VMO2-HARROW-10,Harrow,Harrow,HA1 2AP,51.579409,-0.333908,2026-03-18,2018-06-30,2025-12-17,2026-06-15,Planned Maintenance,Backup,4G|5G,Panel,20.8,216,VMO2,Fibre,26
ANT-LDN-0477,VMO2-UXBRIDGE-10,Hillingdon,Uxbridge,UB8 8LT,51.538686,-0.470548,2026-03-18,2024-07-10,2025-10-07,2026-04-05,Active,Mains,3G|4G|5G,Panel,17.8,317,VMO2,Ethernet,96
ANT-LDN-0478,VMO2-TWICKENHAM-10,Richmond upon Thames,Twickenham,TW1 1SF,51.443248,-0.318463,2026-03-18,2019-12-03,2026-01-25,2026-05-25,Offline,Battery Reserve,5G,Panel,22.8,45,VMO2,Hybrid Fibre/Microwave,29
ANT-LDN-0479,VMO2-KINGSTON-10,Kingston upon Thames,Kingston,KT1 8IX,51.409126,-0.290651,2026-03-18,2021-01-16,2025-11-19,2026-01-18,Active,Mains,2G|4G|5G,Panel,31.1,135,VMO2,Ethernet,100
ANT-LDN-0480,VMO2-SURBITON-10,Kingston upon Thames,Surbiton,KT6 3RV,51.389364,-0.293314,2026-03-18,2024-02-21,2025-11-17,2025-12-17,Active,Mains,4G|5G,Panel,16.2,240,VMO2,Microwave,92
ANT-LDN-0481,VMO2-HAMPSTEAD-10,Camden,Hampstead,NW3 8BO,51.550172,-0.169701,2026-03-18,2020-12-31,2025-10-17,2026-01-15,Active,Backup,5G,Panel,28.6,75,VMO2,Ethernet,87
ANT-LDN-0482,VMO2-HIGHGATE-10,Haringey,Highgate,N6 9IS,51.565571,-0.155166,2026-03-18,2024-06-09,2025-10-11,2025-11-25,Active,Mains,5G,Omni,24.1,292,VMO2,Hybrid Fibre/Microwave,89
ANT-LDN-0483,VMO2-FINSBURY-PARK-10,Hackney,Finsbury Park,N4 6AJ,51.57006,-0.102485,2026-03-18,2024-08-22,2025-09-16,2025-10-16,Planned Maintenance,Maintenance Isolate,4G|5G,Massive MIMO,40.8,165,VMO2,Fibre,49
ANT-LDN-0484,VMO2-TOTTENHAM-10,Haringey,Tottenham,N17 1KB,51.596219,-0.055941,2026-03-18,2024-05-11,2025-10-01,2025-12-30,Active,Backup,4G|5G,Small Cell,12.2,291,VMO2,Microwave,88
ANT-LDN-0485,VMO2-WOOD-GREEN-10,Haringey,Wood Green,N22 2RT,51.595694,-0.118534,2026-03-18,2021-04-12,2026-02-14,2026-05-15,Degraded,Backup,4G|5G,Panel,29.7,204,VMO2,Fibre,62
ANT-LDN-0486,VMO2-BALHAM-10,Wandsworth,Balham,SW12 3DJ,51.441505,-0.15475,2026-03-18,2022-07-04,2025-11-19,2026-05-18,Degraded,Mains,3G|4G|5G,Panel,27.8,67,VMO2,Fibre,71
ANT-LDN-0487,VMO2-BRIXTON-10,Lambeth,Brixton,SW2 8IS,51.461124,-0.107506,2026-03-18,2023-09-25,2025-11-21,2025-12-21,Degraded,Mains,3G|4G|5G,Microwave Dish,29.1,222,VMO2,Hybrid Fibre/Microwave,80
ANT-LDN-0488,VMO2-PECKHAM-10,Southwark,Peckham,SE15 3PQ,51.482646,-0.065895,2026-03-18,2024-01-23,2025-09-25,2026-01-23,Active,Mains,4G|5G,Massive MIMO,19.9,244,VMO2,Microwave,93
ANT-LDN-0489,VMO2-BERMONDSEY-10,Southwark,Bermondsey,SE1 5SB,51.503706,-0.063215,2026-03-18,2023-03-07,2026-02-18,2026-03-20,Offline,Battery Reserve,5G,Massive MIMO,27.9,237,VMO2,Ethernet,42
ANT-LDN-0490,VMO2-DEPTFORD-10,Lewisham,Deptford,SE8 8FZ,51.483567,-0.035758,2026-03-18,2019-01-17,2025-11-29,2025-12-29,Active,Mains,4G|5G,Microwave Dish,21.8,300,VMO2,Hybrid Fibre/Microwave,98
ANT-LDN-0491,VMO2-BLACKHEATH-10,Greenwich,Blackheath,SE3 3GF,51.465403,0.01578,2026-03-18,2017-11-17,2025-10-06,2025-12-05,Active,Mains,3G|4G|5G,Panel,24.3,2,VMO2,Fibre,96
ANT-LDN-0492,VMO2-ELTHAM-10,Greenwich,Eltham,SE9 8JT,51.451323,0.048607,2026-03-18,2023-12-02,2025-12-07,2026-06-05,Active,Backup,4G,Small Cell,9.4,154,VMO2,Microwave,86
ANT-LDN-0493,VMO2-SIDCUP-10,Bexley,Sidcup,DA15 4AG,51.427903,0.093434,2026-03-18,2022-05-25,2025-09-24,2025-11-08,Active,Mains,4G,Massive MIMO,33.0,275,VMO2,Fibre,90
ANT-LDN-0494,VMO2-ORPINGTON-10,Bromley,Orpington,BR6 2FE,51.367119,0.096559,2026-03-18,2025-04-15,2025-11-16,2026-02-14,Active,Backup,5G,Microwave Dish,28.5,103,VMO2,Hybrid Fibre/Microwave,93
ANT-LDN-0495,VMO2-BEXLEYHEATH-10,Bexley,Bexleyheath,DA6 7NP,51.449945,0.1556,2026-03-18,2025-04-08,2025-10-12,2026-02-09,Active,Mains,3G|4G|5G,Omni,12.9,204,VMO2,Hybrid Fibre/Microwave,99
ANT-LDN-0496,VMO2-HILLINGDON-10,Hillingdon,Hillingdon,UB10 6RC,51.549381,-0.459338,2026-03-18,2020-01-03,2025-09-25,2025-12-24,Active,Mains,3G|4G|5G,Panel,26.3,330,VMO2,Hybrid Fibre/Microwave,95
ANT-LDN-0497,VMO2-RUISLIP-10,Hillingdon,Ruislip,HA4 8LO,51.568643,-0.41865,2026-03-18,2019-08-09,2025-10-31,2025-12-15,Active,Mains,5G,Small Cell,13.8,336,VMO2,Microwave,98
ANT-LDN-0498,VMO2-ACTON-10,Ealing,Acton,W3 6ZP,51.515317,-0.256205,2026-03-18,2018-10-26,2025-10-01,2025-11-15,Planned Maintenance,Backup,4G|5G,Small Cell,11.7,66,VMO2,Microwave,20
ANT-LDN-0499,VMO2-CHISWICK-10,Hounslow,Chiswick,W4 8JH,51.486015,-0.269464,2026-03-18,2019-05-08,2025-10-18,2025-11-17,Active,Backup,2G|4G|5G,Panel,18.0,346,VMO2,Microwave,89
ANT-LDN-0500,VMO2-FULHAM-10,Hammersmith and Fulham,Fulham,SW6 2TH,51.486116,-0.198008,2026-03-18,2018-05-10,2025-10-17,2025-12-01,Degraded,Mains,5G,Omni,30.1,23,VMO2,Ethernet,77
